Workbook

Sheet FBDescriptions
A1: Filename | B1: Fuelbed name | C1: Fuelbed description
A2: FB_0029_FCCS | B2: Interior ponderosa pine-Engelmann spruce-Douglas-fir forest | C2: Ponderosa pine, Douglas-fir, and Engelmann spruce are common associates in the mixed conifer forests of the U.S. Rocky Mountains and the Southwest. Large diameter trees have been thinned in this fuelbed, and slash was left on site.
A3: FB_0046_FCCS | B3: Chamise chaparral shrubland | C3: This chaparral type is mostly restricted to coastal mountain areas south from San Diego County north to interior Mendocino County in California, covering more than 1.5 million acres. At lower elevations, chamise (Adenostoma fasciculatum) is found with coastal sage shrubs. At higher elevations, chamise is codominant with arctostaphylos or ceanothus or both.
A4: FB_0066_FCCS | B4: Bluebunch wheatgrass-bluegrass grassland | C4: Prairie grasslands occur throughout the Midwest. This prairie is a mixed-grass prairie that is transitional between short and tall grass prairies in South Dakota. Historically, fire occurred at intervals of less than 35 years.
A5: FB_0067_FCCS | B5: Interior ponderosa pine-Douglas-fir forest | C5: Mixed Douglas-fir and ponderosa pine conifer forests of the northern U.S. Rocky Mountains. Fire exclusion has created elevated levels of hazardous fuels.
A6: FB_0069_FCCS | B6: Western juniper/sagebrush-bitterbrush shrubland | C6: This eastern Oregon site has a mix of sagebrush (Artemesia spp.) and bitterbrush (Purshia tridentata) with scattered western juniper. Fire exclusion has resulted in western juniper encroachment into the sagebrush assemblage. Sagebrush shrublands are widespread throughout the Great Basin, with juniper woodlands above them in elevation and grasslands below.
A7: FB_0071_FCCS | B7: Ohia/Florida hopbush-kupaoa forest | C7: Ohia is the sole tree in this dry broadleaf woodland of the Hawaiian submontane zone. Understories consisting of mixed microphyllous shrubs and grasses are common in this woodland. Ohia woodlands are widely distributed throughout Hawaii at elevations between 1,000 and 4,000 feet.
A8: FB_0077_FCCS | B8: Eucalyptus plantation forest | C8: This fuelbed represents the eucalyptus plantations common in Hawaii.
A9: FB_0087_FCCS | B9: Black spruce/feathermoss forest | C9: Black spruce forest fuelbed with a feathermoss forest floor, between 50 and 150 years old. Found on floodplains and uplands in interior and southcentral Alaska. This fuelbed is comparable to the closed black spruce forest of Viereck et al. (1992).
A10: FB_0109_FCCS | B10: Eastern white pine-northern red oak-red maple forest | C10: Eastern white pine and northern red oak are dominant with red maple as a common canopy associate. Northern hardwood species such as beech, birch, ash, and sugar maple may also be present. This forest type extends through New England west and south along the Appalachian Mountains, typically lower than 3,000 feet in elevation. This fuelbed represents a forest from 50 to 100 years old.
A11: FB_0125_FCCS | B11: Oak-hickory-pine-eastern hemlock forest | C11: Oak -- hickory -- pine -- eastern hemlock forest occur on dissected hills and valleys, from about 300 to 600 feet in elevation. Eastern hemlock occurs predominately in moist coves and along north-facing slopes while pine species occur on drier sites.
A12: FB_0165_FCCS | B12: Longleaf pine/three-awned grass-pitcher plant savanna | C12: Mesic to wet savannas with very open, scattered longleaf pine over a diverse herbaceous layer dominated by grasses and many forb species, 2-3 years after prescribed fire. History of periodic prescribed fire maintains herbaceous layer diversity by reducing cover native and nonative understory shrubs and trees.
... A15: FB_0291_FCCS | B15: Longleaf-slash pine/saw palmetto forest | C15: Longleaf pine, slash pine, and saw palmetto (Serenoa repens) forest resulting from fire exclusion occur throughout the Southeast coastal plain from Virginia south to Florida and west to into Texas. This forest type is characterized by a dense overstory of longleaf pine and slash pine and a very dense shrub layer dominated by saw palmetto. Saw palmetto is less important or absent from these forests in the Carolinas and Virginia. Fire has been excluded for 30 years.

Sheet Definitions
A1: Time Steps | B1: Definitions | C1: Notes
A2: 1 | B2: Immediately post fire
A3: 2 | B3: 2-5 yr post disturbance or 0-3 yrs for Hawaii and SE US | C3: Update rules modify Time Step 1 fuelbeds
A4: 3 | B4: 5-10 yr post disturbance or 3-10 yr for Hawaii and SE US | C4: Update rules modify Time Step 2 fuelbeds
A6: Codes | B6: Disturbance | C6: Severity | D6: Time Step
A7: 511 | B7: Insect | C7: Low | D7: 1
A8: 512 | B8: Insect | C8: Low | D8: 2
A9: 513 | B9: Insect | C9: Low | D9: 3
A10: 521 | B10: Insect | C10: Moderate | D10: 1
A11: 522 | B11: Insect | C11: Moderate | D11: 2
A12: 523 | B12: Insect | C12: Moderate | D12: 3
A13: 531 | B13: Insect | C13: High | D13: 1
A14: 532 | B14: Insect | C14: High | D14: 2
A15: 533 | B15: Insect | C15: High | D15: 3
A17: Issues to discuss
A18: 1) Rules at least by region (western, southern, northeastern, Lake States, boreal)
A19: 2) How to best apply to non-forest vegetation (new scripts likely needed)
A20: 3) We didn't include optional fuel loadings.
A22: Global rule sets:
A23: * Capped percent cover and percent live at 100%
A24: * Specs page is grabbed as is and then convered into expressions within the code
A25: * Snags have their own separate code to accommodate more complicated rule sets
A26: * The Expected tab contains cell references to expected values and is used to ensure the script results match the spreadsheet

Sheet ExtraVars
A1: Extra variables that I did not use in the disturbance update
A2: eCANOPY_SNAGS_CLASS_1_ALL_OTHERS_SPECIES_SPECIES_DESCRIPTION
A3: eCANOPY_SNAGS_CLASS_1_CONIFERS_WITH_FOLIAGE_SPECIES_SPECIES_DESCRIPTION
A4: eCANOPY_SNAGS_CLASS_2_SPECIES_SPECIES_DESCRIPTION
A5: eCANOPY_SNAGS_CLASS_3_SPECIES_SPECIES_DESCRIPTION
A6: eCANOPY_TREES_MIDSTORY_SPECIES_SPECIES_DESCRIPTION
A7: eCANOPY_TREES_OVERSTORY_SPECIES_SPECIES_DESCRIPTION
A8: eCANOPY_TREES_UNDERSTORY_SPECIES_SPECIES_DESCRIPTION
A9: eFUELBED_NAME
A10: eFUELBED_NUMBER
A11: eHERBACEOUS_PRIMARY_LAYER_SPECIES_SPECIES_DESCRIPTION
A12: eHERBACEOUS_SECONDARY_LAYER_SPECIES_SPECIES_DESCRIPTION
... A20: eWOODY_FUEL_STUMPS_SOUND_SPECIES_SPECIES_DESCRIPTION

Sheet 2_MechAdd_Script
B1: Suggested Short Name | C1: 211 | D1: 212 | E1: 213 | F1: 221 | G1: 222 | H1: 223 | I1: 231 | J1: 232 | K1: 233
A2: eCANOPY_TREES_TOTAL_PERCENT_COVER | B2: Canopy_TotalCover | C2: * = 0.85 | F2: * = 0.67 | I2: * = 0.33
A3: eCANOPY_TREES_OVERSTORY_DIAMETER_AT_BREAST_HEIGHT | B3: OTree_Diameter | C3: * = 1.1 | F3: * = 1.25 | I3: * = 1.25
A4: eCANOPY_TREES_OVERSTORY_HEIGHT_TO_LIVE_CROWN | B4: OTree_HeightLiveCrown | C4: * = 1.25 | F4: * = 1.5 | I4: * = 1.5
A5: eCANOPY_TREES_OVERSTORY_HEIGHT | B5: OTree_Height
A6: eCANOPY_TREES_OVERSTORY_PERCENT_COVER | B6: OTree_Cover | C6: * = 0.75 | F6: * = 0.5 | I6: * = 0.25
A7: eCANOPY_TREES_OVERSTORY_STEM_DENSITY | B7: OTree_Density | C7: * = 0.75 | F7: * = 0.5 | I7: * = 0.25
A8: eCANOPY_TREES_MIDSTORY_DIAMETER_AT_BREAST_HEIGHT | B8: MTree_Diameter | C8: * = 1.1 | F8: * = 1.25 | I8: * = 1.25
A9: eCANOPY_TREES_MIDSTORY_HEIGHT_TO_LIVE_CROWN | B9: MTree_HeightLiveCrown | C9: * = 1.25 | F9: * = 1.5 | I9: * = 1.5
A10: eCANOPY_TREES_MIDSTORY_HEIGHT | B10: MTree_Height
A11: eCANOPY_TREES_MIDSTORY_PERCENT_COVER | B11: MTree_Cover | C11: * = 0.75 | F11: * = 0.5 | I11: * = 0.25
A12: eCANOPY_TREES_MIDSTORY_STEM_DENSITY | B12: MTree_Density | C12: * = 0.75 | F12: * = 0.5 | I12: * = 0.25
A13: eCANOPY_TREES_UNDERSTORY_DIAMETER_AT_BREAST_HEIGHT | B13: UTree_Diameter | F13: * = 0 | I13: * = 0
A14: eCANOPY_TREES_UNDERSTORY_HEIGHT_TO_LIVE_CROWN | B14: UTree_HeightLiveCrown | F14: * = 0 | I14: * = 0
A15: eCANOPY_TREES_UNDERSTORY_HEIGHT | B15: UTree_Height | F15: * = 0 | I15: * = 0
A16: eCANOPY_TREES_UNDERSTORY_PERCENT_COVER | B16: UTree_Cover | C16: * = 0.25 | F16: * = 0 | I16: * = 0
A17: eCANOPY_TREES_UNDERSTORY_STEM_DENSITY | B17: UTree_Density | C17: * = 0.25 | F17: * = 0 | I17: * = 0
A18: eCANOPY_SNAGS_CLASS_1_ALL_OTHERS_DIAMETER | B18: C1Snag_Diameter
A19: eCANOPY_SNAGS_CLASS_1_ALL_OTHERS_HEIGHT | B19: C1Snag_Height
A20: eCANOPY_SNAGS_CLASS_1_ALL_OTHERS_STEM_DENSITY | B20: C1Snag_Density
A21: eCANOPY_SNAGS_CLASS_1_CONIFERS_WITH_FOLIAGE_HEIGHT_TO_CROWN_BASE | B21: C1FSnag_HeightCrownBase
A22: eCANOPY_SNAGS_CLASS_1_CONIFERS_WITH_FOLIAGE_DIAMETER | B22: C1FSnag_Diameter
A23: eCANOPY_SNAGS_CLASS_1_CONIFERS_WITH_FOLIAGE_HEIGHT | B23: C1FSnag_Height
A24: eCANOPY_SNAGS_CLASS_1_CONIFERS_WITH_FOLIAGE_PERCENT_COVER | B24: C1FSnag_Cover
A25: eCANOPY_SNAGS_CLASS_1_CONIFERS_WITH_FOLIAGE_STEM_DENSITY | B25: C1FSnag_Density
A26: eCANOPY_SNAGS_CLASS_2_DIAMETER | B26: C2Snag_Diameter
A27: eCANOPY_SNAGS_CLASS_2_HEIGHT | B27: C2Snag_Height
A28: eCANOPY_SNAGS_CLASS_2_STEM_DENSITY | B28: C2Snag_Density
A29: eCANOPY_SNAGS_CLASS_3_DIAMETER | B29: C3Snag_Diameter
... A34: eSHRUBS_PRIMARY_LAYER_HEIGHT | B34: 1Shrub_Height
A35: eSHRUBS_PRIMARY_LAYER_PERCENT_COVER | B35: 1Shrub_Cover | C35: * = 0.75 | D35: * = 1.1 | E35: * = 1.1 | F35: * = 0.5 | G35: * = 1.25 | H35: * = 1.25 | I35: * = 0.25 | J35: * = 1.5 | K35: * = 1.5
A36: eSHRUBS_PRIMARY_LAYER_PERCENT_LIVE | B36: 1Shrub_Live | C36: * = 0.5 | D36: * = 1/0.5 | F36: * = 0.25 | G36: * = 1/0.25 | I36: * = 0.25 | J36: * = 1/0.25
A37: eSHRUBS_SECONDARY_LAYER_HEIGHT | B37: 2Shrub_Height
A38: eSHRUBS_SECONDARY_LAYER_PERCENT_COVER | B38: 2Shrub_Cover | C38: * = 0.75 | D38: * = 1.1 | E38: * = 1.1 | F38: * = 0.5 | G38: * = 1.25 | H38: * = 1.25 | I38: * = 0.25 | J38: * = 1.5 | K38: * = 1.5
A39: eSHRUBS_SECONDARY_LAYER_PERCENT_LIVE | B39: 2Shrub_Live | C39: * = 0.5 | D39: * = 1/0.5 | F39: * = 0.25 | G39: * = 1/0.25 | I39: * = 0.25 | J39: * = 1/0.25
A40: eHERBACEOUS_PRIMARY_LAYER_HEIGHT | B40: 1Herb_Height
A41: eHERBACEOUS_PRIMARY_LAYER_LOADING | B41: 1Herb_Load | C41: * = 0.75 | D41: * = 1.25 | E41: * = 1.25 | F41: * = 0.5 | G41: * = 1.5 | H41: * = 1.5 | I41: * = 0.25 | J41: * = 1.5 | K41: * = 1.5
A42: eHERBACEOUS_PRIMARY_LAYER_PERCENT_COVER | B42: 1Herb_Cover | C42: * = 0.75 | D42: * = 1.25 | E42: * = 1.25 | F42: * = 0.5 | G42: * = 1.5 | H42: * = 1.5 | I42: * = 0.25 | J42: * = 1.5 | K42: * = 1.5
A43: eHERBACEOUS_PRIMARY_LAYER_PERCENT_LIVE | B43: 1Herb_Live | C43: * = 0.75 | D43: * = 1/0.75 | F43: * = 0.5 | G43: * = 1/0.5 | I43: * = 0.25 | J43: * = 1/0.25
A44: eHERBACEOUS_SECONDARY_LAYER_HEIGHT | B44: 2Herb_Height
A45: eHERBACEOUS_SECONDARY_LAYER_LOADING | B45: 2Herb_Load | C45: * = 0.75 | D45: * = 1.25 | E45: * = 1.25 | F45: * = 0.5 | G45: * = 1.5 | H45: * = 1.5 | I45: * = 0.25 | J45: * = 1.5 | K45: * = 1.5
A46: eHERBACEOUS_SECONDARY_LAYER_PERCENT_COVER | B46: 2Herb_Cover | C46: * = 0.75 | D46: * = 1.25 | E46: * = 1.25 | F46: * = 0.5 | G46: * = 1.5 | H46: * = 1.5 | I46: * = 0.25 | J46: * = 1.5 | K46: * = 1.5
A47: eHERBACEOUS_SECONDARY_LAYER_PERCENT_LIVE | B47: 2Herb_Live | C47: * = 0.75 | D47: * = 1/0.75 | F47: * = 0.5 | G47: * = 1/0.5 | I47: * = 0.25 | J47: * = 1/0.25
A48: eWOODY_FUEL_ALL_DOWNED_WOODY_FUEL_DEPTH | B48: FineWood_Depth | C48: * = 1.25 | D48: * = 0.75 | E48: * = 0.5 | F48: * = 1.5 | G48: * = 0.75 | H48: * = 0.5 | I48: * = 2 | J48: * = 0.75 | K48: * = 0.5
A49: eWOODY_FUEL_ALL_DOWNED_WOODY_FUEL_TOTAL_PERCENT_COVER | B49: FineWood_Cover | C49: * = 1.25 | D49: * = 0.75 | E49: * = 0.5 | F49: * = 1.5 | G49: * = 0.75 | H49: * = 0.5 | I49: * = 2 | J49: * = 0.75 | K49: * = 0.5
A50: eWOODY_FUEL_SOUND_WOOD_LOADINGS_ZERO_TO_THREE_INCHES_ONE_TO_THREE_INCHES | B50: SWood_100hr | C50: * = 1.25, min 0.5 | D50: * = 0.75 | E50: * = 0.5 | F50: * = 1.5, min 1 | G50: * = 0.75 | H50: * = 0.5 | I50: * = 2, min 1.5 | J50: * = 0.75 | K50: * = 0.5
A51: eWOODY_FUEL_SOUND_WOOD_LOADINGS_ZERO_TO_THREE_INCHES_QUARTER_INCH_TO_ONE_INCH | B51: SWood_10hr | C51: * = 1.25, min 1 | D51: * = 0.75 | E51: * = 0.5 | F51: * = 1.5, min 2 | G51: * = 0.75 | H51: * = 0.5 | I51: * = 2, min 3 | J51: * = 0.75 | K51: * = 0.5
A52: eWOODY_FUEL_SOUND_WOOD_LOADINGS_ZERO_TO_THREE_INCHES_ZERO_TO_QUARTER_INCH | B52: SWood_1hr | C52: * = 1.25, min 0.5 | D52: * = 0.75 | E52: * = 0.5 | F52: * = 1.5, min 1 | G52: * = 0.75 | H52: * = 0.5 | I52: * = 2, min 1.5 | J52: * = 0.75 | K52: * = 0.5
A53: eWOODY_FUEL_SOUND_WOOD_LOADINGS_GREATER_THAN_THREE_INCHES_THREE_TO_NINE_INCHES | B53: SWood_1000hr | D53: * = 0.75 | G53: * = 0.75 | J53: * = 0.75
A54: eWOODY_FUEL_SOUND_WOOD_LOADINGS_GREATER_THAN_THREE_INCHES_NINE_TO_TWENTY_INCHES | B54: SWood_10_000hr | D54: * = 0.75 | G54: * = 0.75 | J54: * = 0.75
A55: eWOODY_FUEL_SOUND_WOOD_LOADINGS_GREATER_THAN_THREE_INCHES_GREATER_THAN_TWENTY_INCHES | B55: SWood_GT10_000hr | D55: * = 0.75 | G55: * = 0.75 | J55: * = 0.75
A56: eWOODY_FUEL_ROTTEN_WOOD_LOADINGS_GREATER_THAN_THREE_INCHES_THREE_TO_NINE_INCHES | B56: RWood_1000hr | D56: | + = SWood_1000hr * 0.25 | E56: | + = SWood_1000hr * 0.5 | G56: | + = SWood_1000hr * 0.25 | H56: | + = SWood_1000hr * 0.5 | J56: | + = SWood_1000hr * 0.25 | K56: | + = SWood_1000hr * 0.5
A57: eWOODY_FUEL_ROTTEN_WOOD_LOADINGS_GREATER_THAN_THREE_INCHES_NINE_TO_TWENTY_INCHES | B57: RWood_10_000hr | D57: | + = SWood_10_000hr * 0.25 | E57: | + = SWood_10_000hr * 0.5 | G57: | + = SWood_10_000hr * 0.25 | H57: | + = SWood_10_000hr * 0.5 | J57: | + = SWood_10_000hr * 0.25 | K57: | + = SWood_10_000hr * 0.5
A58: eWOODY_FUEL_ROTTEN_WOOD_LOADINGS_GREATER_THAN_THREE_INCHES_GREATER_THAN_TWENTY_INCHES | B58: RWood_GT10_000hr | D58: | + = SWood_GT10_000hr * 0.25 | E58: | + = SWood_GT10_000hr * 0.5 | G58: | + = SWood_GT10_000hr * 0.25 | H58: | + = SWood_GT10_000hr * 0.5 | J58: | + = SWood_GT10_000hr * 0.25 | K58: | + = SWood_GT10_000hr * 0.5
A59: eWOODY_FUEL_STUMPS_SOUND_DIAMETER | B59: SStump_Diameter | C59: | = (OTree_Diameter*OTree_Density + MTree_Diameter*MTree_Density) / (OTree_Density + MTree_Density) | E59: | = 0 | F59: | = (OTree_Diameter*OTree_Density + MTree_Diameter*MTree_Density) / (OTree_Density + MTree_Density) | H59: | = 0 | I59: | = (OTree_Diameter*OTree_Density + MTree_Diameter*MTree_Density) / (OTree_Density + MTree_Density) | K59: | = 0
A60: eWOODY_FUEL_STUMPS_SOUND_HEIGHT | B60: SStump_Height | C60: | = 1.64 (0.5m constant) | E60: | = 0 | F60: | = 1.64 (0.5m constant) | H60: | = 0 | I60: | = 1.64 (0.5m constant) | K60: | = 0
A61: eWOODY_FUEL_STUMPS_SOUND_STEM_DENSITY | B61: SStump_Density | C61: | + = 0.25*OTree_Density + 0.25*MTree_Density | E61: | = 0 | F61: | + = 0.5*OTree_Density + 0.5*MTree_Density | H61: | = 0 | I61: | + = 0.75*OTree_Density + 0.75*MTree_Density | K61: | = 0
A62: eWOODY_FUEL_STUMPS_ROTTEN_DIAMETER | B62: RStump_Diameter | E62: | If not present, Sstump_Diameter | H62: | If not present, Sstump_Diameter | K62: | If not present, Sstump_Diameter
A63: eWOODY_FUEL_STUMPS_ROTTEN_HEIGHT | B63: RStump_Height | E63: | If not present, Sstump_Height | H63: | If not present, Sstump_Height | K63: | If not present, Sstump_Height
A64: eWOODY_FUEL_STUMPS_ROTTEN_STEM_DENSITY | B64: RStump_Density | E64: | + = SStump_Density | H64: | + = SStump_Density | K64: | + = SStump_Density
A65: eWOODY_FUEL_STUMPS_LIGHTERED_PITCHY_DIAMETER | B65: LStump_Diameter
A66: eWOODY_FUEL_STUMPS_LIGHTERED_PITCHY_HEIGHT | B66: LStump_Height
A67: eWOODY_FUEL_STUMPS_LIGHTERED_PITCHY_STEM_DENSITY | B67: LStump_Density
A68: eWOODY_FUEL_PILES_CLEAN_LOADING | B68: CleanPile_Load
A69: eWOODY_FUEL_PILES_DIRTY_LOADING | B69: DirtyPile_Load
A70: eWOODY_FUEL_PILES_VERYDIRTY_LOADING | B70: VDirtyPile_Load
A71: eLITTER_LITTER_TYPE_BROADLEAF_DECIDUOUS_RELATIVE_COVER | B71: BroadleafLitter_RelCover
A72: eLITTER_LITTER_TYPE_BROADLEAF_EVERGREEN_RELATIVE_COVER | B72: EvergreenLitter_RelCover
A73: eLITTER_LITTER_TYPE_GRASS_RELATIVE_COVER | B73: GrassLitter_RelCover
A74: eLITTER_LITTER_TYPE_LONG_NEEDLE_PINE_RELATIVE_COVER | B74: LongNeedleLitter_RelCover
A75: eLITTER_LITTER_TYPE_OTHER_CONIFER_RELATIVE_COVER | B75: OtherConiferLitter_RelCover
A76: eLITTER_LITTER_TYPE_PALM_FROND_RELATIVE_COVER | B76: PalmLitter_RelCover
... A79: eMOSS_LICHEN_LITTER_GROUND_LICHEN_PERCENT_COVER | B79: Lichen_Cover
A80: eMOSS_LICHEN_LITTER_LITTER_DEPTH | B80: Litter_Depth | C80: * = 1.25 | F80: * = 1.5 | I80: * = 1.75
A81: eMOSS_LICHEN_LITTER_LITTER_PERCENT_COVER | B81: Litter_Cover | C81: * = 1.25 | F81: * = 1.5 | I81: * = 1.75
A82: eMOSS_LICHEN_LITTER_MOSS_DEPTH | B82: Moss_Depth
A83: eMOSS_LICHEN_LITTER_MOSS_PERCENT_COVER | B83: Moss_Cover
A84: eGROUND_FUEL_DUFF_LOWER_DEPTH | B84: LowerDuff_Depth
A85: eGROUND_FUEL_DUFF_LOWER_PERCENT_COVER | B85: LowerDuff_Cover
A86: eGROUND_FUEL_DUFF_UPPER_DEPTH | B86: UpperDuff_Depth | H86: * = 1.2 | K86: * = 1.4
A87: eGROUND_FUEL_DUFF_UPPER_PERCENT_COVER | B87: UpperDuff_Cover | H87: * = 1.2 | K87: * = 1.4
A88: eGROUND_FUEL_BASAL_ACCUMULATION_DEPTH | B88: BasalAccum_Depth
A89: eGROUND_FUEL_BASAL_ACCUMULATION_NUMBER_PER_UNIT_AREA | B89: BasalAccum_Density
A90: eGROUND_FUEL_BASAL_ACCUMULATION_RADIUS | B90: BasalAccum_Radius
A91: eGROUND_FUEL_SQUIRREL_MIDDENS_DEPTH | B91: SquirrelMid_Depth
A92: eGROUND_FUEL_SQUIRREL_MIDDENS_NUMBER_PER_UNIT_AREA | B92: SquirrelMid_Density
A93: eGROUND_FUEL_SQUIRREL_MIDDENS_RADIUS | B93: SquirrelMid_Radius

Sheet BaseValues
A1: Variable | B1: FB_0029_FCCS | C1: FB_0046_FCCS | D1: FB_0066_FCCS | E1: FB_0087_FCCS | F1: FB_0109_FCCS | G1: FB_0291_FCCS | I1: FB_0067_FCCS | J1: FB_0069_FCCS | K1: FB_0071_FCCS | L1: FB_0077_FCCS | M1: FB_0125_FCCS | N1: FB_0165_FCCS | O1: FB_0170_FCCS | P1: FB_0175_FCCS
A2: eCANOPY_TREES_TOTAL_PERCENT_COVER | B2: 40 | E2: 80 | F2: 85 | G2: 60 | I2: 50 | J2: 2 | K2: 25 | L2: 84 | M2: 85 | N2: 5 | O2: 20
A3: eCANOPY_TREES_OVERSTORY_DIAMETER_AT_BREAST_HEIGHT | B3: 9.6 | E3: 2.9 | F3: 14 | G3: 12 | I3: 27 | J3: 2.8 | K3: 10.6 | L3: 29 | M3: 17 | N3: 12 | O3: 6
A4: eCANOPY_TREES_OVERSTORY_HEIGHT_TO_LIVE_CROWN | B4: 20 | E4: 4 | F4: 20 | G4: 55 | I4: 55 | J4: 0.8 | K4: 13.2 | L4: 68 | M4: 60 | N4: 45 | O4: 10.5
A5: eCANOPY_TREES_OVERSTORY_HEIGHT | B5: 100 | E5: 25 | F5: 60 | G5: 78 | I5: 105 | J5: 7.2 | K5: 34.7 | L5: 110 | M5: 100 | N5: 70 | O5: 25
A6: eCANOPY_TREES_OVERSTORY_PERCENT_COVER | B6: 40 | E6: 80 | F6: 50 | G6: 50 | I6: 20 | J6: 1 | K6: 21 | L6: 20 | M6: 55 | N6: 5 | O6: 20
A7: eCANOPY_TREES_OVERSTORY_STEM_DENSITY | B7: 12 | E7: 3500 | F7: 45 | G7: 100 | I7: 17 | J7: 36 | K7: 106 | L7: 15 | M7: 75 | N7: 15 | O7: 60
A8: eCANOPY_TREES_MIDSTORY_DIAMETER_AT_BREAST_HEIGHT | F8: 7.5 | I8: 10 | L8: 14 | M8: 6 | N8: 8
A9: eCANOPY_TREES_MIDSTORY_HEIGHT_TO_LIVE_CROWN | F9: 10 | I9: 28 | L9: 25 | M9: 40 | N9: 15
A10: eCANOPY_TREES_MIDSTORY_HEIGHT | F10: 44 | I10: 58 | L10: 54 | M10: 60 | N10: 20
A11: eCANOPY_TREES_MIDSTORY_PERCENT_COVER | F11: 50 | I11: 40 | L11: 40 | M11: 40 | N11: 5
A12: eCANOPY_TREES_MIDSTORY_STEM_DENSITY | F12: 150 | I12: 153 | L12: 100 | M12: 150 | N12: 10
A13: eCANOPY_TREES_UNDERSTORY_DIAMETER_AT_BREAST_HEIGHT | E13: 0.5 | F13: 1.7 | G13: 1 | J13: 0.4 | L13: 5 | M13: 2 | O13: 0
A14: eCANOPY_TREES_UNDERSTORY_HEIGHT_TO_LIVE_CROWN | E14: 0 | F14: 2 | G14: 2 | J14: 0.1 | L14: 12 | M14: 4 | O14: 1
A15: eCANOPY_TREES_UNDERSTORY_HEIGHT | E15: 1.5 | F15: 10 | G15: 5 | J15: 0.9 | L15: 27.5 | M15: 15 | O15: 3
A16: eCANOPY_TREES_UNDERSTORY_PERCENT_COVER | E16: 3 | F16: 30 | G16: 5 | J16: 1 | L16: 40 | M16: 20 | O16: 3
A17: eCANOPY_TREES_UNDERSTORY_STEM_DENSITY | E17: 1000 | F17: 1000 | G17: 25 | J17: 108 | L17: 700 | M17: 300 | O17: 40
A18: eCANOPY_SNAGS_CLASS_1_ALL_OTHERS_DIAMETER | E18: 3.5 | F18: 13 | M18: 7
A19: eCANOPY_SNAGS_CLASS_1_ALL_OTHERS_HEIGHT | E19: 25 | F19: 55 | M19: 45
A20: eCANOPY_SNAGS_CLASS_1_ALL_OTHERS_STEM_DENSITY | E20: 100 | F20: 5 | M20: 15
A21: eCANOPY_SNAGS_CLASS_1_CONIFERS_WITH_FOLIAGE_HEIGHT_TO_CROWN_BASE | F21: 33.35 | I21: 47.36 | M21: 33.35
A22: eCANOPY_SNAGS_CLASS_1_CONIFERS_WITH_FOLIAGE_DIAMETER | F22: 9 | I22: 20.6 | M22: 9
A23: eCANOPY_SNAGS_CLASS_1_CONIFERS_WITH_FOLIAGE_HEIGHT | F23: 50 | I23: 71 | M23: 50
A24: eCANOPY_SNAGS_CLASS_1_CONIFERS_WITH_FOLIAGE_PERCENT_COVER | F24: 0.5071 | I24: 1.43152 | M24: 0.10142
A25: eCANOPY_SNAGS_CLASS_1_CONIFERS_WITH_FOLIAGE_STEM_DENSITY | F25: 5 | I25: 7 | M25: 1
A26: eCANOPY_SNAGS_CLASS_2_DIAMETER | E26: 3.5 | F26: 11 | G26: 12 | I26: 20.6 | L26: 11.3 | M26: 7 | O26: 5
A27: eCANOPY_SNAGS_CLASS_2_HEIGHT | E27: 20 | F27: 50 | G27: 70 | I27: 65 | L27: 51.3 | M27: 40 | O27: 20
A28: eCANOPY_SNAGS_CLASS_2_STEM_DENSITY | E28: 150 | F28: 10 | G28: 3 | I28: 7 | L28: 5 | M28: 15 | O28: 4
A29: eCANOPY_SNAGS_CLASS_3_DIAMETER | B29: 9 | E29: 3.5 | F29: 11 | G29: 10 | I29: 20.6 | L29: 11.3 | M29: 7 | O29: 5
A30: eCANOPY_SNAGS_CLASS_3_HEIGHT | B30: 60 | E30: 15 | F30: 40 | G30: 60 | I30: 50 | L30: 26 | M30: 20 | O30: 15
A31: eCANOPY_SNAGS_CLASS_3_STEM_DENSITY | B31: 3 | E31: 150 | F31: 5 | G31: 3 | I31: 7 | L31: 60 | M31: 15 | O31: 3
A32: eCANOPY_LADDER_FUELS_MAXIMUM_HEIGHT | E32: 4 | F32: 15 | I32: 58 | L32: 50
A33: eCANOPY_LADDER_FUELS_MINIMUM_HEIGHT | E33: 0 | F33: 5 | I33: 28 | L33: 5
A34: eSHRUBS_PRIMARY_LAYER_HEIGHT | B34: 2.2 | C34: 5 | D34: 3 | E34: 5 | F34: 6 | G34: 5 | I34: 5 | J34: 1.7 | K34: 3.9 | L34: 3.1 | M34: 10 | N34: 10 | O34: 3.5
A35: eSHRUBS_PRIMARY_LAYER_PERCENT_COVER | B35: 21.6 | C35: 70 | D35: 2 | E35: 10 | F35: 30 | G35: 80 | I35: 60 | J35: 40 | K35: 33 | L35: 8 | M35: 25 | N35: 10 | O35: 85
A36: eSHRUBS_PRIMARY_LAYER_PERCENT_LIVE | B36: 85 | C36: 85 | D36: 100 | E36: 90 | F36: 85 | G36: 90 | I36: 90 | J36: 93 | K36: 80 | L36: 90 | M36: 85 | N36: 80 | O36: 90
A37: eSHRUBS_PRIMARY_LAYER_LOADING
A38: eSHRUBS_SECONDARY_LAYER_HEIGHT | B38: 0.3 | C38: 2 | E38: 1 | M38: 2.5 | N38: 4 | O38: 5
A39: eSHRUBS_SECONDARY_LAYER_PERCENT_COVER | B39: 1.2 | C39: 5 | E39: 20 | M39: 20 | N39: 15 | O39: 30
A40: eSHRUBS_SECONDARY_LAYER_PERCENT_LIVE | B40: 95 | C40: 85 | E40: 90 | M40: 85 | N40: 80 | O40: 90
A41: eSHRUBS_SECONDARY_LAYER_LOADING
A42: eHERBACEOUS_PRIMARY_LAYER_HEIGHT | B42: 0.9 | D42: 2 | E42: 1 | F42: 2.5 | G42: 2 | I42: 1 | J42: 1 | K42: 1.5 | L42: 0.5 | M42: 1.5 | N42: 1.5 | O42: 1 | P42: 6
A43: eHERBACEOUS_PRIMARY_LAYER_LOADING | B43: 0.1 | D43: 1 | E43: 0.01 | F43: 0.4 | G43: 0.1 | I43: 0.75 | J43: 0.2 | K43: 0.5 | L43: 0.05 | M43: 0.05 | N43: 0.3 | O43: 0.1 | P43: 4
A44: eHERBACEOUS_PRIMARY_LAYER_PERCENT_COVER | B44: 0.7 | D44: 90 | E44: 2 | F44: 30 | G44: 20 | I44: 40 | J44: 20 | K44: 6 | L44: 6 | M44: 10 | N44: 95 | O44: 10 | P44: 100
A45: eHERBACEOUS_PRIMARY_LAYER_PERCENT_LIVE | B45: 95 | D45: 85 | E45: 90 | F45: 80 | G45: 60 | I45: 75 | J45: 90 | K45: 80 | L45: 80 | M45: 75 | N45: 80 | O45: 80 | P45: 65
A46: eHERBACEOUS_SECONDARY_LAYER_HEIGHT | B46: 0.9 | D46: 1 | E46: 0.5 | G46: 1 | K46: 1.5 | N46: 1.5
A47: eHERBACEOUS_SECONDARY_LAYER_LOADING | B47: 0.1 | D47: 0.01 | E47: 0.02 | G47: 0.1 | K47: 0.1 | N47: 0.05
A48: eHERBACEOUS_SECONDARY_LAYER_PERCENT_COVER | B48: 0.2 | D48: 8 | E48: 5 | G48: 20 | K48: 1 | N48: 65
A49: eHERBACEOUS_SECONDARY_LAYER_PERCENT_LIVE | B49: 85 | D49: 70 | E49: 90 | G49: 60 | K49: 75 | N49: 80
A50: eWOODY_FUEL_ALL_DOWNED_WOODY_FUEL_DEPTH | B50: 4 | C50: 1 | E50: 0.5 | F50: 1 | G50: 0.5 | I50: 2 | J50: 0.2 | K50: 1 | L50: 3 | M50: 1 | N50: 0.5
A51: eWOODY_FUEL_ALL_DOWNED_WOODY_FUEL_TOTAL_PERCENT_COVER | B51: 70 | C51: 50 | E51: 30 | F51: 40 | G51: 15 | I51: 2 | J51: 10 | K51: 30 | L51: 80 | M51: 25 | N51: 15
A52: eWOODY_FUEL_SOUND_WOOD_LOADINGS_ZERO_TO_THREE_INCHES_ONE_TO_THREE_INCHES | B52: 2 | C52: 1 | E52: 0.5 | F52: 1 | G52: 0.3 | I52: 1.2 | J52: 0.2 | K52: 0.8 | L52: 4.2 | M52: 0.7 | N52: 0.14
A53: eWOODY_FUEL_SOUND_WOOD_LOADINGS_ZERO_TO_THREE_INCHES_QUARTER_INCH_TO_ONE_INCH | B53: 1.5 | C53: 1 | E53: 0.2 | F53: 0.5 | G53: 0.4 | I53: 1.4 | J53: 0.4 | K53: 0.5 | L53: 3.3 | M53: 0.4 | N53: 0.16
A54: eWOODY_FUEL_SOUND_WOOD_LOADINGS_ZERO_TO_THREE_INCHES_ZERO_TO_QUARTER_INCH | B54: 1 | C54: 0.5 | E54: 0.1 | F54: 0.3 | G54: 0.02 | I54: 0.5 | J54: 0.2 | K54: 0.4 | L54: 0.8 | M54: 0.02 | N54: 0.1
A55: eWOODY_FUEL_SOUND_WOOD_LOADINGS_GREATER_THAN_THREE_INCHES_THREE_TO_NINE_INCHES, | B55: 6 | C55: 0 | E55: 1 | F55: 1.2 | G55: 0.5 | I55: 4 | J55: 0 | K55: 0.4 | L55: 4 | M55: 1.8 | N55: 0.2
A56: eWOODY_FUEL_SOUND_WOOD_LOADINGS_GREATER_THAN_THREE_INCHES_NINE_TO_TWENTY_INCHES, | B56: 12 | C56: 0 | E56: 0 | F56: 0.5 | G56: 0 | I56: 2 | J56: 0 | K56: 0 | L56: 1 | M56: 1.8 | N56: 0.1
A57: eWOODY_FUEL_SOUND_WOOD_LOADINGS_GREATER_THAN_THREE_INCHES_GREATER_THAN_TWENTY_INCHES, | B57: 0 | C57: 0 | E57: 0 | F57: 0.5 | G57: 0 | I57: 0 | J57: 0 | K57: 0 | L57: 6 | M57: 0 | N57: 0
A58: eWOODY_FUEL_ROTTEN_WOOD_LOADINGS_GREATER_THAN_THREE_INCHES_THREE_TO_NINE_INCHES, | B58: 5 | E58: 0.5 | F58: 0.75 | I58: 1.6 | K58: 0.5 | L58: 2 | M58: 0.5
A59: eWOODY_FUEL_ROTTEN_WOOD_LOADINGS_GREATER_THAN_THREE_INCHES_NINE_TO_TWENTY_INCHES, | B59: 11 | E59: 0 | F59: 0.3 | I59: 1 | K59: 0 | L59: 0.5 | M59: 0
A60: eWOODY_FUEL_ROTTEN_WOOD_LOADINGS_GREATER_THAN_THREE_INCHES_GREATER_THAN_TWENTY_INCHES, | B60: 0 | E60: 0 | F60: 0 | I60: 0 | K60: 0 | L60: 0.5 | M60: 0
A61: eWOODY_FUEL_STUMPS_SOUND_DIAMETER | B61: 9.6 | E61: 3.5 | I61: 15
A62: eWOODY_FUEL_STUMPS_SOUND_HEIGHT | B62: 0.4 | E62: 2 | I62: 3
A63: eWOODY_FUEL_STUMPS_SOUND_STEM_DENSITY | B63: 115 | E63: 50 | I63: 5
A64: eWOODY_FUEL_STUMPS_ROTTEN_DIAMETER | B64: 9.6 | E64: 3.5 | F64: 10 | G64: 10 | I64: 15 | M64: 10
A65: eWOODY_FUEL_STUMPS_ROTTEN_HEIGHT | B65: 0.4 | E65: 2 | F65: 1 | G65: 1 | I65: 3 | M65: 0.5
A66: eWOODY_FUEL_STUMPS_ROTTEN_STEM_DENSITY | B66: 115 | E66: 50 | F66: 5 | G66: 3 | I66: 5 | M66: 80
A67: eWOODY_FUEL_STUMPS_LIGHTERED_PITCHY_DIAMETER
A68: eWOODY_FUEL_STUMPS_LIGHTERED_PITCHY_HEIGHT
A69: eWOODY_FUEL_STUMPS_LIGHTERED_PITCHY_STEM_DENSITY
A70: eWOODY_FUEL_PILES_CLEAN_LOADING | B70: 0.078119 | C70: 0 | D70: 0 | E70: 0.081811 | F70: 0.135893 | G70: 0 | I70: 0.00991 | J70: 0 | K70: 0 | L70: 0.132121 | M70: 1.764912 | N70: 0 | O70: 0 | P70: 0
A71: eWOODY_FUEL_PILES_DIRTY_LOADING | B71: 0 | C71: 0 | D71: 0 | E71: 0 | F71: 0 | G71: 0 | I71: 0 | J71: 0 | K71: 0 | L71: 0 | M71: 0 | N71: 0 | O71: 0 | P71: 0
A72: eWOODY_FUEL_PILES_VERYDIRTY_LOADING | B72: 0 | C72: 0 | D72: 0 | E72: 0 | F72: 0 | G72: 0 | I72: 0 | J72: 0 | K72: 0 | L72: 0 | M72: 0 | N72: 0 | O72: 0 | P72: 0
A73: eLITTER_LITTER_TYPE_BROADLEAF_DECIDUOUS_RELATIVE_COVER | F73: 90 | I73: 30 | M73: 93 | O73: 33
A74: eLITTER_LITTER_TYPE_BROADLEAF_EVERGREEN_RELATIVE_COVER | C74: 100 | K74: 95 | L74: 100 | N74: 2 | O74: 33
A75: eLITTER_LITTER_TYPE_GRASS_RELATIVE_COVER | D75: 100 | I75: 20 | J75: 50 | K75: 5 | N75: 95 | P75: 100
A76: eLITTER_LITTER_TYPE_LONG_NEEDLE_PINE_RELATIVE_COVER | B76: 50 | F76: 10 | G76: 40 | I76: 25 | M76: 3 | N76: 3 | O76: 34
A77: eLITTER_LITTER_TYPE_OTHER_CONIFER_RELATIVE_COVER | B77: 50 | E77: 100 | I77: 25 | J77: 50 | M77: 2
A78: eLITTER_LITTER_TYPE_PALM_FROND_RELATIVE_COVER | G78: 60
A79: eLITTER_LITTER_TYPE_SHORT_NEEDLE_PINE_RELATIVE_COVER | M79: 5
A80: eMOSS_LICHEN_LITTER_GROUND_LICHEN_DEPTH | E80: 2
A81: eMOSS_LICHEN_LITTER_GROUND_LICHEN_PERCENT_COVER | E81: 5
A82: eMOSS_LICHEN_LITTER_GROUND_LICHEN_LOADING
A83: eMOSS_LICHEN_LITTER_LITTER_DEPTH | B83: 0.2 | C83: 1 | D83: 2.5 | E83: 1 | F83: 1.5 | G83: 2 | I83: 0.7 | J83: 0.2 | K83: 1.2 | L83: 1.8 | M83: 2 | N83: 0.5 | O83: 2 | P83: 1.5
A84: eMOSS_LICHEN_LITTER_LITTER_PERCENT_COVER | B84: 70 | C84: 60 | D84: 5 | E84: 15 | F84: 90 | G84: 70 | I84: 90 | J84: 10 | K84: 34 | L84: 98 | M84: 90 | N84: 90 | O84: 50 | P84: 90
A85: eMOSS_LICHEN_LITTER_LITTER_LOADING
A86: eMOSS_LICHEN_LITTER_MOSS_DEPTH | E86: 2.5 | F86: 1 | I86: 0.2 | O86: 2
A87: eMOSS_LICHEN_LITTER_MOSS_PERCENT_COVER | E87: 80 | F87: 5 | I87: 1.5 | O87: 5
A88: eMOSS_LICHEN_LITTER_MOSS_LOADING
A89: eGROUND_FUEL_DUFF_LOWER_DEPTH | C89: 0.2 | E89: 2 | O89: 5 | P89: 6
A90: eGROUND_FUEL_DUFF_LOWER_PERCENT_COVER | C90: 60 | E90: 90 | O90: 100 | P90: 50
A91: eGROUND_FUEL_DUFF_LOWER_LOADING
A92: eGROUND_FUEL_DUFF_UPPER_DEPTH | B92: 0.5 | C92: 0.4 | D92: 0.2 | E92: 4 | F92: 1 | G92: 1.5 | I92: 2 | J92: 0.2 | L92: 1.7 | M92: 0.7 | N92: 0.5 | O92: 5 | P92: 6
A93: eGROUND_FUEL_DUFF_UPPER_PERCENT_COVER | B93: 70 | C93: 60 | D93: 70 | E93: 100 | F93: 90 | G93: 70 | I93: 80 | J93: 10 | L93: 98 | M93: 85 | N93: 20 | O93: 80 | P93: 50
A94: eGROUND_FUEL_DUFF_UPPER_LOADING
A95: eGROUND_FUEL_BASAL_ACCUMULATION_DEPTH | I95: 2 | J95: 0.8 | L95: 3 | M95: 5
A96: eGROUND_FUEL_BASAL_ACCUMULATION_NUMBER_PER_UNIT_AREA | I96: 2.55 | J96: 0.72 | L96: 3 | M96: 1.5
A97: eGROUND_FUEL_BASAL_ACCUMULATION_RADIUS | I97: 0.5 | J97: 2.5 | L97: 0.66 | M97: 0.75
A98: eGROUND_FUEL_BASAL_ACCUMULATION_LOADING
A99: eGROUND_FUEL_SQUIRREL_MIDDENS_DEPTH | E99: 18
A100: eGROUND_FUEL_SQUIRREL_MIDDENS_NUMBER_PER_UNIT_AREA | E100: 1
...

Sheet 2_MechAdd_LowSeverity
A1: Variable | B1: Suggested Short Name | C1: Time Step 1 (211) Rules | D1: Time Step 2 (212) Rules | E1: Time Step 3 (213) Rules | F1: FB_0029_FCCS | G1: FB_0029_FCCS_211 | H1: FB_0029_FCCS_212 | I1: FB_0029_FCCS_213 | J1: FB_0046_FCCS | K1: FB_0046_FCCS_211 | L1: FB_0046_FCCS_212 | M1: FB_0046_FCCS_213 | N1: FB_0066_FCCS | O1: FB_0066_FCCS_211 | P1: FB_0066_FCCS_212 | Q1: FB_0066_FCCS_213 | R1: FB_0087_FCCS | S1: FB_0087_FCCS_211 | T1: FB_0087_FCCS_212 | U1: FB_0087_FCCS_213 | V1: FB_0109_FCCS | W1: FB_0109_FCCS_211 | X1: FB_0109_FCCS_212 | Y1: FB_0109_FCCS_213 | Z1: FB_0291_FCCS | AA1: FB_0291_FCCS_211 | AB1: FB_0291_FCCS_212 | AC1: FB_0291_FCCS_213
A2: ='2_MechAdd_Script'!A2 | B2: Canopy_TotalCover | C2: 0.85 | F2: 40 | G2: =$C2*F2 | H2: =G2 | I2: =H2 | K2: =$C2*J2 | L2: =K2 | M2: =L2 | O2: =$C2*N2 | P2: =O2 | Q2: =P2 | R2: 80 | S2: =$C2*R2 | T2: =S2 | U2: =T2 | V2: 85 | W2: =$C2*V2 | X2: =W2 | Y2: =X2 | Z2: 60 | AA2: =$C2*Z2 | AB2: =AA2 | AC2: =AB2
A3: ='2_MechAdd_Script'!A3 | B3: OTree_Diameter | C3: 1.1 | F3: 9.6 | G3: =$C3*F3 | H3: =G3 | I3: =H3 | K3: =$C3*J3 | L3: =K3 | M3: =L3 | O3: =$C3*N3 | P3: =O3 | Q3: =P3 | R3: 2.9 | S3: =$C3*R3 | T3: =S3 | U3: =T3 | V3: 14 | W3: =$C3*V3 | X3: =W3 | Y3: =X3 | Z3: 12 | AA3: =$C3*Z3 | AB3: =AA3 | AC3: =AB3
A4: ='2_MechAdd_Script'!A4 | B4: OTree_HeightLiveCrown | C4: 1.25 | F4: 20 | G4: =$C4*F4 | H4: =G4 | I4: =H4 | K4: =$C4*J4 | L4: =K4 | M4: =L4 | O4: =$C4*N4 | P4: =O4 | Q4: =P4 | R4: 4 | S4: =$C4*R4 | T4: =S4 | U4: =T4 | V4: 20 | W4: =$C4*V4 | X4: =W4 | Y4: =X4 | Z4: 55 | AA4: =$C4*Z4 | AB4: =AA4 | AC4: =AB4
A5: ='2_MechAdd_Script'!A5 | B5: OTree_Height | F5: 100 | G5: =F5 | H5: =G5 | I5: =H5 | K5: =J5 | L5: =K5 | M5: =L5 | O5: =N5 | P5: =O5 | Q5: =P5 | R5: 25 | S5: =R5 | T5: =S5 | U5: =T5 | V5: 60 | W5: =V5 | X5: =W5 | Y5: =X5 | Z5: 78 | AA5: =Z5 | AB5: =AA5 | AC5: =AB5
A6: ='2_MechAdd_Script'!A6 | B6: OTree_Cover | C6: 0.75 | F6: 40 | G6: =$C6*F6 | H6: =G6 | I6: =H6 | K6: =$C6*J6 | L6: =K6 | M6: =L6 | O6: =$C6*N6 | P6: =O6 | Q6: =P6 | R6: 80 | S6: =$C6*R6 | T6: =S6 | U6: =T6 | V6: 50 | W6: =$C6*V6 | X6: =W6 | Y6: =X6 | Z6: 50 | AA6: =$C6*Z6 | AB6: =AA6 | AC6: =AB6
A7: ='2_MechAdd_Script'!A7 | B7: OTree_Density | C7: 0.75 | F7: 12 | G7: =$C7*F7 | H7: =G7 | I7: =H7 | K7: =$C7*J7 | L7: =K7 | M7: =L7 | O7: =$C7*N7 | P7: =O7 | Q7: =P7 | R7: 3500 | S7: =$C7*R7 | T7: =S7 | U7: =T7 | V7: 45 | W7: =$C7*V7 | X7: =W7 | Y7: =X7 | Z7: 100 | AA7: =$C7*Z7 | AB7: =AA7 | AC7: =AB7
A8: ='2_MechAdd_Script'!A8 | B8: MTree_Diameter | C8: 1.1 | G8: =$C8*F8 | H8: =G8 | I8: =H8 | K8: =$C8*J8 | L8: =K8 | M8: =L8 | O8: =$C8*N8 | P8: =O8 | Q8: =P8 | S8: =$C8*R8 | T8: =S8 | U8: =T8 | V8: 7.5 | W8: =$C8*V8 | X8: =W8 | Y8: =X8 | AA8: =$C8*Z8 | AB8: =AA8 | AC8: =AB8
A9: ='2_MechAdd_Script'!A9 | B9: MTree_HeightLiveCrown | C9: 1.25 | G9: =$C9*F9 | H9: =G9 | I9: =H9 | K9: =$C9*J9 | L9: =K9 | M9: =L9 | O9: =$C9*N9 | P9: =O9 | Q9: =P9 | S9: =$C9*R9 | T9: =S9 | U9: =T9 | V9: 10 | W9: =$C9*V9 | X9: =W9 | Y9: =X9 | AA9: =$C9*Z9 | AB9: =AA9 | AC9: =AB9
A10: ='2_MechAdd_Script'!A10 | B10: MTree_Height | G10: =F10 | H10: =G10 | I10: =H10 | K10: =J10 | L10: =K10 | M10: =L10 | O10: =N10 | P10: =O10 | Q10: =P10 | S10: =R10 | T10: =S10 | U10: =T10 | V10: 44 | W10: =V10 | X10: =W10 | Y10: =X10 | AA10: =Z10 | AB10: =AA10 | AC10: =AB10
A11: ='2_MechAdd_Script'!A11 | B11: MTree_Cover | C11: 0.75 | G11: =$C11*F11 | H11: =G11 | I11: =H11 | K11: =$C11*J11 | L11: =K11 | M11: =L11 | O11: =$C11*N11 | P11: =O11 | Q11: =P11 | S11: =$C11*R11 | T11: =S11 | U11: =T11 | V11: 50 | W11: =$C11*V11 | X11: =W11 | Y11: =X11 | AA11: =$C11*Z11 | AB11: =AA11 | AC11: =AB11
A12: ='2_MechAdd_Script'!A12 | B12: MTree_Density | C12: 0.75 | G12: =$C12*F12 | H12: =G12 | I12: =H12 | K12: =$C12*J12 | L12: =K12 | M12: =L12 | O12: =$C12*N12 | P12: =O12 | Q12: =P12 | S12: =$C12*R12 | T12: =S12 | U12: =T12 | V12: 150 | W12: =$C12*V12 | X12: =W12 | Y12: =X12 | AA12: =$C12*Z12 | AB12: =AA12 | AC12: =AB12
A13: ='2_MechAdd_Script'!A13 | B13: UTree_Diameter | G13: =F13 | H13: =G13 | I13: =H13 | K13: =J13 | L13: =K13 | M13: =L13 | O13: =N13 | P13: =O13 | Q13: =P13 | R13: 0.5 | S13: =R13 | T13: =S13 | U13: =T13 | V13: 1.7 | W13: =V13 | X13: =W13 | Y13: =X13 | Z13: 1 | AA13: =Z13 | AB13: =AA13 | AC13: =AB13
A14: ='2_MechAdd_Script'!A14 | B14: UTree_HeightLiveCrown | G14: =F14 | H14: =G14 | I14: =H14 | K14: =J14 | L14: =K14 | M14: =L14 | O14: =N14 | P14: =O14 | Q14: =P14 | R14: 0 | S14: =R14 | T14: =S14 | U14: =T14 | V14: 2 | W14: =V14 | X14: =W14 | Y14: =X14 | Z14: 2 | AA14: =Z14 | AB14: =AA14 | AC14: =AB14
A15: ='2_MechAdd_Script'!A15 | B15: UTree_Height | G15: =F15 | H15: =G15 | I15: =H15 | K15: =J15 | L15: =K15 | M15: =L15 | O15: =N15 | P15: =O15 | Q15: =P15 | R15: 1.5 | S15: =R15 | T15: =S15 | U15: =T15 | V15: 10 | W15: =V15 | X15: =W15 | Y15: =X15 | Z15: 5 | AA15: =Z15 | AB15: =AA15 | AC15: =AB15
A16: ='2_MechAdd_Script'!A16 | B16: UTree_Cover | C16: 0.25 | G16: =$C16*F16 | H16: =G16 | I16: =H16 | K16: =$C16*J16 | L16: =K16 | M16: =L16 | O16: =$C16*N16 | P16: =O16 | Q16: =P16 | R16: 3 | S16: =$C16*R16 | T16: =S16 | U16: =T16 | V16: 30 | W16: =$C16*V16 | X16: =W16 | Y16: =X16 | Z16: 5 | AA16: =$C16*Z16 | AB16: =AA16 | AC16: =AB16
A17: ='2_MechAdd_Script'!A17 | B17: UTree_Density | C17: 0.25 | G17: =$C17*F17 | H17: =G17 | I17: =H17 | K17: =$C17*J17 | L17: =K17 | M17: =L17 | O17: =$C17*N17 | P17: =O17 | Q17: =P17 | R17: 1000 | S17: =$C17*R17 | T17: =S17 | U17: =T17 | V17: 1000 | W17: =$C17*V17 | X17: =W17 | Y17: =X17 | Z17: 25 | AA17: =$C17*Z17 | AB17: =AA17 | AC17: =AB17
A18: ='2_MechAdd_Script'!A18 | B18: C1Snag_Diameter | G18: =F18 | H18: =G18 | I18: =H18 | K18: =J18 | L18: =K18 | M18: =L18 | O18: =N18 | P18: =O18 | Q18: =P18 | R18: 3.5 | S18: =R18 | T18: =S18 | U18: =T18 | V18: 13 | W18: =V18 | X18: =W18 | Y18: =X18 | AA18: =Z18 | AB18: =AA18 | AC18: =AB18
A19: ='2_MechAdd_Script'!A19 | B19: C1Snag_Height | G19: =F19 | H19: =G19 | I19: =H19 | K19: =J19 | L19: =K19 | M19: =L19 | O19: =N19 | P19: =O19 | Q19: =P19 | R19: 25 | S19: =R19 | T19: =S19 | U19: =T19 | V19: 55 | W19: =V19 | X19: =W19 | Y19: =X19 | AA19: =Z19 | AB19: =AA19 | AC19: =AB19
A20: ='2_MechAdd_Script'!A20 | B20: C1Snag_Density | G20: =F20 | H20: =G20 | I20: =H20 | K20: =J20 | L20: =K20 | M20: =L20 | O20: =N20 | P20: =O20 | Q20: =P20 | R20: 100 | S20: =R20 | T20: =S20 | U20: =T20 | V20: 5 | W20: =V20 | X20: =W20 | Y20: =X20 | AA20: =Z20 | AB20: =AA20 | AC20: =AB20
A21: ='2_MechAdd_Script'!A21 | B21: C1FSnag_HeightCrownBase | G21: =F21 | H21: =G21 | I21: =H21 | K21: =J21 | L21: =K21 | M21: =L21 | O21: =N21 | P21: =O21 | Q21: =P21 | S21: =R21 | T21: =S21 | U21: =T21 | V21: 33.35 | W21: =V21 | X21: =W21 | Y21: =X21 | AA21: =Z21 | AB21: =AA21 | AC21: =AB21
A22: ='2_MechAdd_Script'!A22 | B22: C1FSnag_Diameter | G22: =F22 | H22: =G22 | I22: =H22 | K22: =J22 | L22: =K22 | M22: =L22 | O22: =N22 | P22: =O22 | Q22: =P22 | S22: =R22 | T22: =S22 | U22: =T22 | V22: 9 | W22: =V22 | X22: =W22 | Y22: =X22 | AA22: =Z22 | AB22: =AA22 | AC22: =AB22
A23: ='2_MechAdd_Script'!A23 | B23: C1FSnag_Height | G23: =F23 | H23: =G23 | I23: =H23 | K23: =J23 | L23: =K23 | M23: =L23 | O23: =N23 | P23: =O23 | Q23: =P23 | S23: =R23 | T23: =S23 | U23: =T23 | V23: 50 | W23: =V23 | X23: =W23 | Y23: =X23 | AA23: =Z23 | AB23: =AA23 | AC23: =AB23
A24: ='2_MechAdd_Script'!A24 | B24: C1FSnag_Cover | G24: =F24 | H24: =G24 | I24: =H24 | K24: =J24 | L24: =K24 | M24: =L24 | O24: =N24 | P24: =O24 | Q24: =P24 | S24: =R24 | T24: =S24 | U24: =T24 | V24: 0.5071 | W24: =V24 | X24: =W24 | Y24: =X24 | AA24: =Z24 | AB24: =AA24 | AC24: =AB24
A25: ='2_MechAdd_Script'!A25 | B25: C1FSnag_Density | G25: =F25 | H25: =G25 | I25: =H25 | K25: =J25 | L25: =K25 | M25: =L25 | O25: =N25 | P25: =O25 | Q25: =P25 | S25: =R25 | T25: =S25 | U25: =T25 | V25: 5 | W25: =V25 | X25: =W25 | Y25: =X25 | AA25: =Z25 | AB25: =AA25 | AC25: =AB25
A26: ='2_MechAdd_Script'!A26 | B26: C2Snag_Diameter | G26: =F26 | H26: =G26 | I26: =H26 | K26: =J26 | L26: =K26 | M26: =L26 | O26: =N26 | P26: =O26 | Q26: =P26 | R26: 3.5 | S26: =R26 | T26: =S26 | U26: =T26 | V26: 11 | W26: =V26 | X26: =W26 | Y26: =X26 | Z26: 12 | AA26: =Z26 | AB26: =AA26 | AC26: =AB26
A27: ='2_MechAdd_Script'!A27 | B27: C2Snag_Height | G27: =F27 | H27: =G27 | I27: =H27 | K27: =J27 | L27: =K27 | M27: =L27 | O27: =N27 | P27: =O27 | Q27: =P27 | R27: 20 | S27: =R27 | T27: =S27 | U27: =T27 | V27: 50 | W27: =V27 | X27: =W27 | Y27: =X27 | Z27: 70 | AA27: =Z27 | AB27: =AA27 | AC27: =AB27
A28: ='2_MechAdd_Script'!A28 | B28: C2Snag_Density | G28: =F28 | H28: =G28 | I28: =H28 | K28: =J28 | L28: =K28 | M28: =L28 | O28: =N28 | P28: =O28 | Q28: =P28 | R28: 150 | S28: =R28 | T28: =S28 | U28: =T28 | V28: 10 | W28: =V28 | X28: =W28 | Y28: =X28 | Z28: 3 | AA28: =Z28 | AB28: =AA28 | AC28: =AB28
A29: ='2_MechAdd_Script'!A29 | B29: C3Snag_Diameter | F29: 9 | G29: =F29 | H29: =G29 | I29: =H29 | K29: =J29 | L29: =K29 | M29: =L29 | O29: =N29 | P29: =O29 | Q29: =P29 | R29: 3.5 | S29: =R29 | T29: =S29 | U29: =T29 | V29: 11 | W29: =V29 | X29: =W29 | Y29: =X29 | Z29: 10 | AA29: =Z29 | AB29: =AA29 | AC29: =AB29
A30: ='2_MechAdd_Script'!A30 | B30: C3Snag_Height | F30: 60 | G30: =F30 | H30: =G30 | I30: =H30 | K30: =J30 | L30: =K30 | M30: =L30 | O30: =N30 | P30: =O30 | Q30: =P30 | R30: 15 | S30: =R30 | T30: =S30 | U30: =T30 | V30: 40 | W30: =V30 | X30: =W30 | Y30: =X30 | Z30: 60 | AA30: =Z30 | AB30: =AA30 | AC30: =AB30
A31: ='2_MechAdd_Script'!A31 | B31: C3Snag_Density | F31: 3 | G31: =F31 | H31: =G31 | I31: =H31 | K31: =J31 | L31: =K31 | M31: =L31 | O31: =N31 | P31: =O31 | Q31: =P31 | R31: 150 | S31: =R31 | T31: =S31 | U31: =T31 | V31: 5 | W31: =V31 | X31: =W31 | Y31: =X31 | Z31: 3 | AA31: =Z31 | AB31: =AA31 | AC31: =AB31
A32: ='2_MechAdd_Script'!A32 | B32: Ladder_MaxHeight | G32: =F32 | H32: =G32 | I32: =H32 | K32: =J32 | L32: =K32 | M32: =L32 | O32: =N32 | P32: =O32 | Q32: =P32 | R32: 4 | S32: =R32 | T32: =S32 | U32: =T32 | V32: 15 | W32: =V32 | X32: =W32 | Y32: =X32 | AA32: =Z32 | AB32: =AA32 | AC32: =AB32
A33: ='2_MechAdd_Script'!A33 | B33: Ladder_MinHeight | G33: =F33 | H33: =G33 | I33: =H33 | K33: =J33 | L33: =K33 | M33: =L33 | O33: =N33 | P33: =O33 | Q33: =P33 | R33: 0 | S33: =R33 | T33: =S33 | U33: =T33 | V33: 5 | W33: =V33 | X33: =W33 | Y33: =X33 | AA33: =Z33 | AB33: =AA33 | AC33: =AB33
A34: ='2_MechAdd_Script'!A34 | B34: 1Shrub_Height | F34: 2.2 | G34: =F34 | H34: =G34 | I34: =H34 | J34: 5 | K34: =J34 | L34: =K34 | M34: =L34 | N34: 3 | O34: =N34 | P34: =O34 | Q34: =P34 | R34: 5 | S34: =R34 | T34: =S34 | U34: =T34 | V34: 6 | W34: =V34 | X34: =W34 | Y34: =X34 | Z34: 5 | AA34: =Z34 | AB34: =AA34 | AC34: =AB34
A35: ='2_MechAdd_Script'!A35 | B35: 1Shrub_Cover | C35: 0.75 | D35: 1.1 | E35: 1.1 | F35: 21.6 | G35: =$C35*F35 | H35: =MIN(100,G35*$D35) | I35: =MIN(100,$E35*H35) | J35: 70 | K35: =$C35*J35 | L35: =MIN(100,K35*$D35) | M35: =MIN(100,$E35*L35) | N35: 2 | O35: =$C35*N35 | P35: =MIN(100,O35*$D35) | Q35: =MIN(100,$E35*P35) | R35: 10 | S35: =$C35*R35 | T35: =MIN(100,S35*$D35) | U35: =MIN(100,$E35*T35) | V35: 30 | W35: =$C35*V35 | X35: =MIN(100,W35*$D35) | Y35: =MIN(100,$E35*X35) | Z35: 80 | AA35: =$C35*Z35 | AB35: =MIN(100,AA35*$D35) | AC35: =MIN(100,$E35*AB35)
A36: ='2_MechAdd_Script'!A36 | B36: 1Shrub_Live | C36: 0.5 | D36: =1/0.5 | F36: 85 | G36: =$C36*F36 | H36: =MIN(100,G36*$D36) | I36: =H36 | J36: 85 | K36: =$C36*J36 | L36: =MIN(100,K36*$D36) | M36: =L36 | N36: 100 | O36: =$C36*N36 | P36: =MIN(100,O36*$D36) | Q36: =P36 | R36: 90 | S36: =$C36*R36 | T36: =MIN(100,S36*$D36) | U36: =T36 | V36: 85 | W36: =$C36*V36 | X36: =MIN(100,W36*$D36) | Y36: =X36 | Z36: 90 | AA36: =$C36*Z36 | AB36: =MIN(100,AA36*$D36) | AC36: =AB36
A37: ='2_MechAdd_Script'!A37 | B37: 2Shrub_Height | F37: 0.3 | G37: =F37 | H37: =G37 | I37: =H37 | J37: 2 | K37: =J37 | L37: =K37 | M37: =L37 | O37: =N37 | P37: =O37 | Q37: =P37 | R37: 1 | S37: =R37 | T37: =S37 | U37: =T37 | W37: =V37 | X37: =W37 | Y37: =X37 | AA37: =Z37 | AB37: =AA37 | AC37: =AB37
A38: ='2_MechAdd_Script'!A38 | B38: 2Shrub_Cover | C38: 0.75 | D38: 1.1 | E38: 1.1 | F38: 1.2 | G38: =$C38*F38 | H38: =MIN(100,G38*$D38) | I38: =MIN(100,$E38*H38) | J38: 5 | K38: =$C38*J38 | L38: =MIN(100,K38*$D38) | M38: =MIN(100,$E38*L38) | O38: =$C38*N38 | P38: =MIN(100,O38*$D38) | Q38: =MIN(100,$E38*P38) | R38: 20 | S38: =$C38*R38 | T38: =MIN(100,S38*$D38) | U38: =MIN(100,$E38*T38) | W38: =$C38*V38 | X38: =MIN(100,W38*$D38) | Y38: =MIN(100,$E38*X38) | AA38: =$C38*Z38 | AB38: =MIN(100,AA38*$D38) | AC38: =MIN(100,$E38*AB38)
A39: ='2_MechAdd_Script'!A39 | B39: 2Shrub_Live | C39: 0.5 | D39: =1/0.5 | F39: 95 | G39: =$C39*F39 | H39: =MIN(100,G39*$D39) | I39: =H39 | J39: 85 | K39: =$C39*J39 | L39: =MIN(100,K39*$D39) | M39: =L39 | O39: =$C39*N39 | P39: =MIN(100,O39*$D39) | Q39: =P39 | R39: 90 | S39: =$C39*R39 | T39: =MIN(100,S39*$D39) | U39: =T39 | W39: =$C39*V39 | X39: =MIN(100,W39*$D39) | Y39: =X39 | AA39: =$C39*Z39 | AB39: =MIN(100,AA39*$D39) | AC39: =AB39
A40: ='2_MechAdd_Script'!A40 | B40: 1Herb_Height | F40: 0.9 | G40: =F40 | H40: =G40 | I40: =H40 | K40: =J40 | L40: =K40 | M40: =L40 | N40: 2 | O40: =N40 | P40: =O40 | Q40: =P40 | R40: 1 | S40: =R40 | T40: =S40 | U40: =T40 | V40: 2.5 | W40: =V40 | X40: =W40 | Y40: =X40 | Z40: 2 | AA40: =Z40 | AB40: =AA40 | AC40: =AB40
A41: ='2_MechAdd_Script'!A41 | B41: 1Herb_Load | C41: 0.75 | D41: 1.25 | E41: 1.25 | F41: 0.1 | G41: =$C41*F41 | H41: =G41*$D41 | I41: =$E41*H41 | K41: =$C41*J41 | L41: =K41*$D41 | M41: =$E41*L41 | N41: 1 | O41: =$C41*N41 | P41: =O41*$D41 | Q41: =$E41*P41 | R41: 0.01 | S41: =$C41*R41 | T41: =S41*$D41 | U41: =$E41*T41 | V41: 0.4 | W41: =$C41*V41 | X41: =W41*$D41 | Y41: =$E41*X41 | Z41: 0.1 | AA41: =$C41*Z41 | AB41: =AA41*$D41 | AC41: =$E41*AB41
A42: ='2_MechAdd_Script'!A42 | B42: 1Herb_Cover | C42: 0.75 | D42: 1.25 | E42: 1.25 | F42: 0.7 | G42: =$C42*F42 | H42: =MIN(100,G42*$D42) | I42: =MIN(100,$E42*H42) | K42: =$C42*J42 | L42: =MIN(100,K42*$D42) | M42: =MIN(100,$E42*L42) | N42: 90 | O42: =$C42*N42 | P42: =MIN(100,O42*$D42) | Q42: =MIN(100,$E42*P42) | R42: 2 | S42: =$C42*R42 | T42: =MIN(100,S42*$D42) | U42: =MIN(100,$E42*T42) | V42: 30 | W42: =$C42*V42 | X42: =MIN(100,W42*$D42) | Y42: =MIN(100,$E42*X42) | Z42: 20 | AA42: =$C42*Z42 | AB42: =MIN(100,AA42*$D42) | AC42: =MIN(100,$E42*AB42)
A43: ='2_MechAdd_Script'!A43 | B43: 1Herb_Live | C43: 0.75 | D43: =1/0.75 | F43: 95 | G43: =$C43*F43 | H43: =G43*$D43 | I43: =H43 | K43: =$C43*J43 | L43: =K43*$D43 | M43: =L43 | N43: 85 | O43: =$C43*N43 | P43: =O43*$D43 | Q43: =P43 | R43: 90 | S43: =$C43*R43 | T43: =S43*$D43 | U43: =T43 | V43: 80 | W43: =$C43*V43 | X43: =W43*$D43 | Y43: =X43 | Z43: 60 | AA43: =$C43*Z43 | AB43: =AA43*$D43 | AC43: =AB43
A44: ='2_MechAdd_Script'!A44 | B44: 2Herb_Height | F44: 0.9 | G44: =F44 | H44: =G44 | I44: =H44 | K44: =J44 | L44: =K44 | M44: =L44 | N44: 1 | O44: =N44 | P44: =O44 | Q44: =P44 | R44: 0.5 | S44: =R44 | T44: =S44 | U44: =T44 | W44: =V44 | X44: =W44 | Y44: =X44 | Z44: 1 | AA44: =Z44 | AB44: =AA44 | AC44: =AB44
A45: ='2_MechAdd_Script'!A45 | B45: 2Herb_Load | C45: 0.75 | D45: 1.25 | E45: 1.25 | F45: 0.1 | G45: =$C45*F45 | H45: =G45*$D45 | I45: =MIN(100,$E45*H45) | K45: =$C45*J45 | L45: =K45*$D45 | M45: =MIN(100,$E45*L45) | N45: 0.01 | O45: =$C45*N45 | P45: =O45*$D45 | Q45: =MIN(100,$E45*P45) | R45: 0.02 | S45: =$C45*R45 | T45: =S45*$D45 | U45: =MIN(100,$E45*T45) | W45: =$C45*V45 | X45: =W45*$D45 | Y45: =MIN(100,$E45*X45) | Z45: 0.1 | AA45: =$C45*Z45 | AB45: =AA45*$D45 | AC45: =MIN(100,$E45*AB45)
A46: ='2_MechAdd_Script'!A46 | B46: 2Herb_Cover | C46: 0.75 | D46: 1.25 | E46: 1.25 | F46: 0.2 | G46: =$C46*F46 | H46: =MIN(100,G46*$D46) | I46: =MIN(100,$E46*H46) | K46: =$C46*J46 | L46: =MIN(100,K46*$D46) | M46: =MIN(100,$E46*L46) | N46: 8 | O46: =$C46*N46 | P46: =MIN(100,O46*$D46) | Q46: =MIN(100,$E46*P46) | R46: 5 | S46: =$C46*R46 | T46: =MIN(100,S46*$D46) | U46: =MIN(100,$E46*T46) | W46: =$C46*V46 | X46: =MIN(100,W46*$D46) | Y46: =MIN(100,$E46*X46) | Z46: 20 | AA46: =$C46*Z46 | AB46: =MIN(100,AA46*$D46) | AC46: =MIN(100,$E46*AB46)
A47: ='2_MechAdd_Script'!A47 | B47: 2Herb_Live | C47: 0.75 | D47: =1/0.75 | F47: 85 | G47: =$C47*F47 | H47: =G47*$D47 | I47: =H47 | K47: =$C47*J47 | L47: =K47*$D47 | M47: =L47 | N47: 70 | O47: =$C47*N47 | P47: =O47*$D47 | Q47: =P47 | R47: 90 | S47: =$C47*R47 | T47: =S47*$D47 | U47: =T47 | W47: =$C47*V47 | X47: =W47*$D47 | Y47: =X47 | Z47: 60 | AA47: =$C47*Z47 | AB47: =AA47*$D47 | AC47: =AB47
A48: ='2_MechAdd_Script'!A48 | B48: FineWood_Depth | C48: 1.25 | D48: 0.75 | E48: 0.5 | F48: 4 | G48: =$C48*F48 | H48: =G48*$D48 | I48: =$E48*H48 | J48: 1 | K48: =$C48*J48 | L48: =K48*$D48 | M48: =$E48*L48 | O48: =$C48*N48 | P48: =O48*$D48 | Q48: =$E48*P48 | R48: 0.5 | S48: =$C48*R48 | T48: =S48*$D48 | U48: =$E48*T48 | V48: 1 | W48: =$C48*V48 | X48: =W48*$D48 | Y48: =$E48*X48 | Z48: 0.5 | AA48: =$C48*Z48 | AB48: =AA48*$D48 | AC48: =$E48*AB48
A49: ='2_MechAdd_Script'!A49 | B49: FineWood_Cover | C49: 1.25 | D49: 0.75 | E49: 0.5 | F49: 70 | G49: =MIN(100,$C49*F49) | H49: =MIN(100,G49*$D49) | I49: =MIN(100,$E49*H49) | J49: 50 | K49: =MIN(100,$C49*J49) | L49: =MIN(100,K49*$D49) | M49: =MIN(100,$E49*L49) | O49: =MIN(100,$C49*N49) | P49: =MIN(100,O49*$D49) | Q49: =MIN(100,$E49*P49) | R49: 30 | S49: =MIN(100,$C49*R49) | T49: =MIN(100,S49*$D49) | U49: =MIN(100,$E49*T49) | V49: 40 | W49: =MIN(100,$C49*V49) | X49: =MIN(100,W49*$D49) | Y49: =MIN(100,$E49*X49) | Z49: 15 | AA49: =MIN(100,$C49*Z49) | AB49: =MIN(100,AA49*$D49) | AC49: =MIN(100,$E49*AB49)
A50: ='2_MechAdd_Script'!A50 | B50: SWood_100hr | C50: 1.25 | D50: 0.75 | E50: 0.5 | F50: 2 | G50: =MAX(0.5,$C50*F50) | H50: =G50*$D50 | I50: =$E50*H50 | J50: 1 | K50: =MAX(0.5,$C50*J50) | L50: =K50*$D50 | M50: =$E50*L50 | O50: =MAX(0.5,$C50*N50) | P50: =O50*$D50 | Q50: =$E50*P50 | R50: 0.5 | S50: =MAX(0.5,$C50*R50) | T50: =S50*$D50 | U50: =$E50*T50 | V50: 1 | W50: =MAX(0.5,$C50*V50) | X50: =W50*$D50 | Y50: =$E50*X50 | Z50: 0.3 | AA50: =MAX(0.5,$C50*Z50) | AB50: =AA50*$D50 | AC50: =$E50*AB50
A51: ='2_MechAdd_Script'!A51 | B51: SWood_10hr | C51: 1.25 | D51: 0.75 | E51: 0.5 | F51: 1.5 | G51: =MAX(1,$C51*F51) | H51: =G51*$D51 | I51: =$E51*H51 | J51: 1 | K51: =MAX(1,$C51*J51) | L51: =K51*$D51 | M51: =$E51*L51 | O51: =MAX(1,$C51*N51) | P51: =O51*$D51 | Q51: =$E51*P51 | R51: 0.2 | S51: =MAX(1,$C51*R51) | T51: =S51*$D51 | U51: =$E51*T51 | V51: 0.5 | W51: =MAX(1,$C51*V51) | X51: =W51*$D51 | Y51: =$E51*X51 | Z51: 0.4 | AA51: =MAX(1,$C51*Z51) | AB51: =AA51*$D51 | AC51: =$E51*AB51
A52: ='2_MechAdd_Script'!A52 | B52: SWood_1hr | C52: 1.25 | D52: 0.75 | E52: 0.5 | F52: 1 | G52: =MAX(0.5,$C52*F52) | H52: =G52*$D52 | I52: =$E52*H52 | J52: 0.5 | K52: =MAX(0.5,$C52*J52) | L52: =K52*$D52 | M52: =$E52*L52 | O52: =MAX(0.5,$C52*N52) | P52: =O52*$D52 | Q52: =$E52*P52 | R52: 0.1 | S52: =MAX(0.5,$C52*R52) | T52: =S52*$D52 | U52: =$E52*T52 | V52: 0.3 | W52: =MAX(0.5,$C52*V52) | X52: =W52*$D52 | Y52: =$E52*X52 | Z52: 0.02 | AA52: =MAX(0.5,$C52*Z52) | AB52: =AA52*$D52 | AC52: =$E52*AB52
A53: ='2_MechAdd_Script'!A53 | B53: SWood_1000hr | D53: 0.75 | F53: 6 | G53: =F53 | H53: =G53*$D53 | I53: =H53 | J53: 0 | K53: =J53 | L53: =K53*$D53 | M53: =L53 | O53: =N53 | P53: =O53*$D53 | Q53: =P53 | R53: 1 | S53: =R53 | T53: =S53*$D53 | U53: =T53 | V53: 1.2 | W53: =V53 | X53: =W53*$D53 | Y53: =X53 | Z53: 0.5 | AA53: =Z53 | AB53: =AA53*$D53 | AC53: =AB53
A54: ='2_MechAdd_Script'!A54 | B54: SWood_10_000hr | D54: 0.75 | F54: 12 | G54: =F54 | H54: =G54*$D54 | I54: =H54 | J54: 0 | K54: =J54 | L54: =K54*$D54 | M54: =L54 | O54: =N54 | P54: =O54*$D54 | Q54: =P54 | R54: 0 | S54: =R54 | T54: =S54*$D54 | U54: =T54 | V54: 0.5 | W54: =V54 | X54: =W54*$D54 | Y54: =X54 | Z54: 0 | AA54: =Z54 | AB54: =AA54*$D54 | AC54: =AB54
A55: ='2_MechAdd_Script'!A55 | B55: SWood_GT10_000hr | D55: 0.75 | F55: 0 | G55: =F55 | H55: =G55*$D55 | I55: =H55 | J55: 0 | K55: =J55 | L55: =K55*$D55 | M55: =L55 | O55: =N55 | P55: =O55*$D55 | Q55: =P55 | R55: 0 | S55: =R55 | T55: =S55*$D55 | U55: =T55 | V55: 0.5 | W55: =V55 | X55: =W55*$D55 | Y55: =X55 | Z55: 0 | AA55: =Z55 | AB55: =AA55*$D55 | AC55: =AB55
A56: ='2_MechAdd_Script'!A56 | B56: RWood_1000hr | D56: 0.25 | E56: 0.5 | F56: 5 | G56: =F56 | H56: =(G53*$D56)+G56 | I56: =(H53*$E56)+H56 | K56: =J56 | L56: =(K53*$D56)+K56 | M56: =(L53*$E56)+L56 | O56: =N56 | P56: =(O53*$D56)+O56 | Q56: =(P53*$E56)+P56 | R56: 0.5 | S56: =R56 | T56: =(S53*$D56)+S56 | U56: =(T53*$E56)+T56 | V56: 0.75 | W56: =V56 | X56: =(W53*$D56)+W56 | Y56: =(X53*$E56)+X56 | AA56: =Z56 | AB56: =(AA53*$D56)+AA56 | AC56: =(AB53*$E56)+AB56
A57: ='2_MechAdd_Script'!A57 | B57: RWood_10_000hr | D57: 0.25 | E57: 0.5 | F57: 11 | G57: =F57 | H57: =(G54*$D57)+G57 | I57: =(H54*$E57)+H57 | K57: =J57 | L57: =(K54*$D57)+K57 | M57: =(L54*$E57)+L57 | O57: =N57 | P57: =(O54*$D57)+O57 | Q57: =(P54*$E57)+P57 | R57: 0 | S57: =R57 | T57: =(S54*$D57)+S57 | U57: =(T54*$E57)+T57 | V57: 0.3 | W57: =V57 | X57: =(W54*$D57)+W57 | Y57: =(X54*$E57)+X57 | AA57: =Z57 | AB57: =(AA54*$D57)+AA57 | AC57: =(AB54*$E57)+AB57
A58: ='2_MechAdd_Script'!A58 | B58: RWood_GT10_000hr | D58: 0.25 | E58: 0.5 | F58: 0 | G58: =F58 | H58: =(G55*$D58)+G58 | I58: =(H55*$E58)+H58 | K58: =J58 | L58: =(K55*$D58)+K58 | M58: =(L55*$E58)+L58 | O58: =N58 | P58: =(O55*$D58)+O58 | Q58: =(P55*$E58)+P58 | R58: 0 | S58: =R58 | T58: =(S55*$D58)+S58 | U58: =(T55*$E58)+T58 | V58: 0 | W58: =V58 | X58: =(W55*$D58)+W58 | Y58: =(X55*$E58)+X58 | AA58: =Z58 | AB58: =(AA55*$D58)+AA58 | AC58: =(AB55*$E58)+AB58
A59: ='2_MechAdd_Script'!A59 | B59: SStump_Diameter | E59: 0 | F59: 9.6 | G59: =F59 | H59: =G59 | I59: =$E59*H59 | K59: =J59 | L59: =K59 | M59: =$E59*L59 | O59: =N59 | P59: =O59 | Q59: =$E59*P59 | R59: 3.5 | S59: =R59 | T59: =S59 | U59: =$E59*T59 | W59: =V59 | X59: =W59 | Y59: =$E59*X59 | AA59: =Z59 | AB59: =AA59 | AC59: =$E59*AB59
A60: ='2_MechAdd_Script'!A60 | B60: SStump_Height | E60: 0 | F60: 0.4 | G60: =F60 | H60: =G60 | I60: =$E60*H60 | K60: =J60 | L60: =K60 | M60: =$E60*L60 | O60: =N60 | P60: =O60 | Q60: =$E60*P60 | R60: 2 | S60: =R60 | T60: =S60 | U60: =$E60*T60 | W60: =V60 | X60: =W60 | Y60: =$E60*X60 | AA60: =Z60 | AB60: =AA60 | AC60: =$E60*AB60
A61: ='2_MechAdd_Script'!A61 | B61: SStump_Density | C61: 0.25 | E61: 0 | F61: 115 | G61: =F61+(F7*0.25)+(F12*0.25) | H61: =G61 | I61: =$E61*H61 | K61: =J61+(J7*0.25)+(J12*0.25) | L61: =K61 | M61: =$E61*L61 | O61: =N61+(N7*0.25)+(N12*0.25) | P61: =O61 | Q61: =$E61*P61 | R61: 50 | S61: =R61+(R7*0.25)+(R12*0.25) | T61: =S61 | U61: =$E61*T61 | W61: =V61+(V7*0.25)+(V12*0.25) | X61: =W61 | Y61: =$E61*X61 | AA61: =Z61+(Z7*0.25)+(Z12*0.25) | AB61: =AA61 | AC61: =$E61*AB61
A62: ='2_MechAdd_Script'!A62 | B62: RStump_Diameter | F62: 9.6 | G62: =F62 | H62: =G62 | I62: =IF(H62>0,H62,IF(H64+H61=0,0,H59)) | K62: =J62 | L62: =K62 | M62: =IF(L62>0,L62,IF(L64+L61=0,0,L59)) | O62: =N62 | P62: =O62 | Q62: =IF(P62>0,P62,IF(P64+P61=0,0,P59)) | R62: 3.5 | S62: =R62 | T62: =S62 | U62: =IF(T62>0,T62,IF(T64+T61=0,0,T59)) | V62: 10 | W62: =V62 | X62: =W62 | Y62: =IF(X62>0,X62,IF(X64+X61=0,0,X59)) | Z62: 10 | AA62: =Z62 | AB62: =AA62 | AC62: =IF(AB62>0,AB62,IF(AB64+AB61=0,0,AB59))
A63: ='2_MechAdd_Script'!A63 | B63: RStump_Height | F63: 0.4 | G63: =F63 | H63: =G63 | I63: =IF(H63>0,H63,IF(H64+H61=0,0,H60)) | K63: =J63 | L63: =K63 | M63: =IF(L63>0,L63,IF(L64+L61=0,0,L60)) | O63: =N63 | P63: =O63 | Q63: =IF(P63>0,P63,IF(P64+P61=0,0,P60)) | R63: 2 | S63: =R63 | T63: =S63 | U63: =IF(T63>0,T63,IF(T64+T61=0,0,T60)) | V63: 1 | W63: =V63 | X63: =W63 | Y63: =IF(X63>0,X63,IF(X64+X61=0,0,X60)) | Z63: 1 | AA63: =Z63 | AB63: =AA63 | AC63: =IF(AB63>0,AB63,IF(AB64+AB61=0,0,AB60))
A64: ='2_MechAdd_Script'!A64 | B64: RStump_Density | E64: ADD Sound Density | F64: 115 | G64: =F64 | H64: =G64 | I64: =H64+H61 | K64: =J64 | L64: =K64 | M64: =L64+L61 | O64: =N64 | P64: =O64 | Q64: =P64+P61 | R64: 50 | S64: =R64 | T64: =S64 | U64: =T64+T61 | V64: 5 | W64: =V64 | X64: =W64 | Y64: =X64+X61 | Z64: 3 | AA64: =Z64 | AB64: =AA64 | AC64: =AB64+AB61
A65: ='2_MechAdd_Script'!A65 | B65: LStump_Diameter | G65: =F65 | H65: =G65 | I65: 0 | K65: =J65 | L65: =K65 | M65: 0 | O65: =N65 | P65: =O65 | Q65: 0 | S65: =R65 | T65: =S65 | U65: 0 | W65: =V65 | X65: =W65 | Y65: 0 | AA65: =Z65 | AB65: =AA65 | AC65: 0
A66: ='2_MechAdd_Script'!A66 | B66: LStump_Height | G66: =F66 | H66: =G66 | I66: =H66 | K66: =J66 | L66: =K66 | M66: =L66 | O66: =N66 | P66: =O66 | Q66: =P66 | S66: =R66 | T66: =S66 | U66: =T66 | W66: =V66 | X66: =W66 | Y66: =X66 | AA66: =Z66 | AB66: =AA66 | AC66: =AB66
A67: ='2_MechAdd_Script'!A67 | B67: LStump_Density | G67: =F67 | H67: =G67 | I67: =H67 | K67: =J67 | L67: =K67 | M67: =L67 | O67: =N67 | P67: =O67 | Q67: =P67 | S67: =R67 | T67: =S67 | U67: =T67 | W67: =V67 | X67: =W67 | Y67: =X67 | AA67: =Z67 | AB67: =AA67 | AC67: =AB67
A68: ='2_MechAdd_Script'!A68 | B68: CleanPile_Load | F68: 0.078119 | G68: =F68 | H68: =G68 | I68: =H68 | J68: 0 | K68: =J68 | L68: =K68 | M68: =L68 | N68: 0 | O68: =N68 | P68: =O68 | Q68: =P68 | R68: 0.081811 | S68: =R68 | T68: =S68 | U68: =T68 | V68: 0.135893 | W68: =V68 | X68: =W68 | Y68: =X68 | Z68: 0 | AA68: =Z68 | AB68: =AA68 | AC68: =AB68
A69: ='2_MechAdd_Script'!A69 | B69: DirtyPile_Load | F69: 0 | G69: =F69 | H69: =G69 | I69: =H69 | J69: 0 | K69: =J69 | L69: =K69 | M69: =L69 | N69: 0 | O69: =N69 | P69: =O69 | Q69: =P69 | R69: 0 | S69: =R69 | T69: =S69 | U69: =T69 | V69: 0 | W69: =V69 | X69: =W69 | Y69: =X69 | Z69: 0 | AA69: =Z69 | AB69: =AA69 | AC69: =AB69
A70: ='2_MechAdd_Script'!A70 | B70: VDirtyPile_Load | F70: 0 | G70: =F70 | H70: =G70 | I70: =H70 | J70: 0 | K70: =J70 | L70: =K70 | M70: =L70 | N70: 0 | O70: =N70 | P70: =O70 | Q70: =P70 | R70: 0 | S70: =R70 | T70: =S70 | U70: =T70 | V70: 0 | W70: =V70 | X70: =W70 | Y70: =X70 | Z70: 0 | AA70: =Z70 | AB70: =AA70 | AC70: =AB70
A71: ='2_MechAdd_Script'!A71 | B71: BroadleafLitter_RelCover | G71: =F71 | H71: =G71 | I71: =H71 | K71: =J71 | L71: =K71 | M71: =L71 | O71: =N71 | P71: =O71 | Q71: =P71 | S71: =R71 | T71: =S71 | U71: =T71 | V71: 90 | W71: =V71 | X71: =W71 | Y71: =X71 | AA71: =Z71 | AB71: =AA71 | AC71: =AB71
A72: ='2_MechAdd_Script'!A72 | B72: EvergreenLitter_RelCover | G72: =F72 | H72: =G72 | I72: =H72 | J72: 100 | K72: =J72 | L72: =K72 | M72: =L72 | O72: =N72 | P72: =O72 | Q72: =P72 | S72: =R72 | T72: =S72 | U72: =T72 | W72: =V72 | X72: =W72 | Y72: =X72 | AA72: =Z72 | AB72: =AA72 | AC72: =AB72
A73: ='2_MechAdd_Script'!A73 | B73: GrassLitter_RelCover | G73: =F73 | H73: =G73 | I73: =H73 | K73: =J73 | L73: =K73 | M73: =L73 | N73: 100 | O73: =N73 | P73: =O73 | Q73: =P73 | S73: =R73 | T73: =S73 | U73: =T73 | W73: =V73 | X73: =W73 | Y73: =X73 | AA73: =Z73 | AB73: =AA73 | AC73: =AB73
A74: ='2_MechAdd_Script'!A74 | B74: LongNeedleLitter_RelCover | F74: 50 | G74: =F74 | H74: =G74 | I74: =H74 | K74: =J74 | L74: =K74 | M74: =L74 | O74: =N74 | P74: =O74 | Q74: =P74 | S74: =R74 | T74: =S74 | U74: =T74 | V74: 10 | W74: =V74 | X74: =W74 | Y74: =X74 | Z74: 40 | AA74: =Z74 | AB74: =AA74 | AC74: =AB74
A75: ='2_MechAdd_Script'!A75 | B75: OtherConiferLitter_RelCover | F75: 50 | G75: =F75 | H75: =G75 | I75: =H75 | K75: =J75 | L75: =K75 | M75: =L75 | O75: =N75 | P75: =O75 | Q75: =P75 | R75: 100 | S75: =R75 | T75: =S75 | U75: =T75 | W75: =V75 | X75: =W75 | Y75: =X75 | AA75: =Z75 | AB75: =AA75 | AC75: =AB75
A76: ='2_MechAdd_Script'!A76 | B76: PalmLitter_RelCover | G76: =F76 | H76: =G76 | I76: =H76 | K76: =J76 | L76: =K76 | M76: =L76 | O76: =N76 | P76: =O76 | Q76: =P76 | S76: =R76 | T76: =S76 | U76: =T76 | W76: =V76 | X76: =W76 | Y76: =X76 | Z76: 60 | AA76: =Z76 | AB76: =AA76 | AC76: =AB76
A77: ='2_MechAdd_Script'!A77 | B77: ShortNeedleLitter_RelCover | G77: =F77 | H77: =G77 | I77: =H77 | K77: =J77 | L77: =K77 | M77: =L77 | O77: =N77 | P77: =O77 | Q77: =P77 | S77: =R77 | T77: =S77 | U77: =T77 | W77: =V77 | X77: =W77 | Y77: =X77 | AA77: =Z77 | AB77: =AA77 | AC77: =AB77
A78: ='2_MechAdd_Script'!A78 | B78: Lichen_Depth | G78: =F78 | H78: =G78 | I78: =H78 | K78: =J78 | L78: =K78 | M78: =L78 | O78: =N78 | P78: =O78 | Q78: =P78 | R78: 2 | S78: =R78 | T78: =S78 | U78: =T78 | W78: =V78 | X78: =W78 | Y78: =X78 | AA78: =Z78 | AB78: =AA78 | AC78: =AB78
A79: ='2_MechAdd_Script'!A79 | B79: Lichen_Cover | G79: =F79 | H79: =G79 | I79: =H79 | K79: =J79 | L79: =K79 | M79: =L79 | O79: =N79 | P79: =O79 | Q79: =P79 | R79: 5 | S79: =R79 | T79: =S79 | U79: =T79 | W79: =V79 | X79: =W79 | Y79: =X79 | AA79: =Z79 | AB79: =AA79 | AC79: =AB79
A80: ='2_MechAdd_Script'!A80 | B80: Litter_Depth | C80: 1.25 | F80: 0.2 | G80: =$C80*F80 | H80: =G80 | I80: =H80 | J80: 1 | K80: =$C80*J80 | L80: =K80 | M80: =L80 | N80: 2.5 | O80: =$C80*N80 | P80: =O80 | Q80: =P80 | R80: 1 | S80: =$C80*R80 | T80: =S80 | U80: =T80 | V80: 1.5 | W80: =$C80*V80 | X80: =W80 | Y80: =X80 | Z80: 2 | AA80: =$C80*Z80 | AB80: =AA80 | AC80: =AB80
A81: ='2_MechAdd_Script'!A81 | B81: Litter_Cover | C81: 1.25 | F81: 70 | G81: =MIN(100,$C81*F81) | H81: =G81 | I81: =H81 | J81: 60 | K81: =MIN(100,$C81*J81) | L81: =K81 | M81: =L81 | N81: 5 | O81: =MIN(100,$C81*N81) | P81: =O81 | Q81: =P81 | R81: 15 | S81: =MIN(100,$C81*R81) | T81: =S81 | U81: =T81 | V81: 90 | W81: =MIN(100,$C81*V81) | X81: =W81 | Y81: =X81 | Z81: 70 | AA81: =MIN(100,$C81*Z81) | AB81: =AA81 | AC81: =AB81
A82: ='2_MechAdd_Script'!A82 | B82: Moss_Depth | G82: =F82 | H82: =G82 | I82: =H82 | K82: =J82 | L82: =K82 | M82: =L82 | O82: =N82 | P82: =O82 | Q82: =P82 | R82: 2.5 | S82: =R82 | T82: =S82 | U82: =T82 | V82: 1 | W82: =V82 | X82: =W82 | Y82: =X82 | AA82: =Z82 | AB82: =AA82 | AC82: =AB82
A83: ='2_MechAdd_Script'!A83 | B83: Moss_Cover | G83: =F83 | H83: =G83 | I83: =H83 | K83: =J83 | L83: =K83 | M83: =L83 | O83: =N83 | P83: =O83 | Q83: =P83 | R83: 80 | S83: =R83 | T83: =S83 | U83: =T83 | V83: 5 | W83: =V83 | X83: =W83 | Y83: =X83 | AA83: =Z83 | AB83: =AA83 | AC83: =AB83
A84: ='2_MechAdd_Script'!A84 | B84: LowerDuff_Depth | G84: =F84 | H84: =G84 | I84: =H84 | J84: 0.2 | K84: =J84 | L84: =K84 | M84: =L84 | O84: =N84 | P84: =O84 | Q84: =P84 | R84: 2 | S84: =R84 | T84: =S84 | U84: =T84 | W84: =V84 | X84: =W84 | Y84: =X84 | AA84: =Z84 | AB84: =AA84 | AC84: =AB84
A85: ='2_MechAdd_Script'!A85 | B85: LowerDuff_Cover | G85: =F85 | H85: =G85 | I85: =H85 | J85: 60 | K85: =J85 | L85: =K85 | M85: =L85 | O85: =N85 | P85: =O85 | Q85: =P85 | R85: 90 | S85: =R85 | T85: =S85 | U85: =T85 | W85: =V85 | X85: =W85 | Y85: =X85 | AA85: =Z85 | AB85: =AA85 | AC85: =AB85
A86: ='2_MechAdd_Script'!A86 | B86: UpperDuff_Depth | F86: 0.5 | G86: =F86 | H86: =G86 | I86: =H86 | J86: 0.4 | K86: =J86 | L86: =K86 | M86: =L86 | N86: 0.2 | O86: =N86 | P86: =O86 | Q86: =P86 | R86: 4 | S86: =R86 | T86: =S86 | U86: =T86 | V86: 1 | W86: =V86 | X86: =W86 | Y86: =X86 | Z86: 1.5 | AA86: =Z86 | AB86: =AA86 | AC86: =AB86
A87: ='2_MechAdd_Script'!A87 | B87: UpperDuff_Cover | F87: 70 | G87: =F87 | H87: =G87 | I87: =H87 | J87: 60 | K87: =J87 | L87: =K87 | M87: =L87 | N87: 70 | O87: =N87 | P87: =O87 | Q87: =P87 | R87: 100 | S87: =R87 | T87: =S87 | U87: =T87 | V87: 90 | W87: =V87 | X87: =W87 | Y87: =X87 | Z87: 70 | AA87: =Z87 | AB87: =AA87 | AC87: =AB87
A88: ='2_MechAdd_Script'!A88 | B88: BasalAccum_Depth | G88: =F88 | H88: =G88 | I88: =H88 | K88: =J88 | L88: =K88 | M88: =L88 | O88: =N88 | P88: =O88 | Q88: =P88 | S88: =R88 | T88: =S88 | U88: =T88 | W88: =V88 | X88: =W88 | Y88: =X88 | AA88: =Z88 | AB88: =AA88 | AC88: =AB88
A89: ='2_MechAdd_Script'!A89 | B89: BasalAccum_Density | G89: =F89 | H89: =G89 | I89: =H89 | K89: =J89 | L89: =K89 | M89: =L89 | O89: =N89 | P89: =O89 | Q89: =P89 | S89: =R89 | T89: =S89 | U89: =T89 | W89: =V89 | X89: =W89 | Y89: =X89 | AA89: =Z89 | AB89: =AA89 | AC89: =AB89
A90: ='2_MechAdd_Script'!A90 | B90: BasalAccum_Radius | G90: =F90 | H90: =G90 | I90: =H90 | K90: =J90 | L90: =K90 | M90: =L90 | O90: =N90 | P90: =O90 | Q90: =P90 | S90: =R90 | T90: =S90 | U90: =T90 | W90: =V90 | X90: =W90 | Y90: =X90 | AA90: =Z90 | AB90: =AA90 | AC90: =AB90
A91: ='2_MechAdd_Script'!A91 | B91: SquirrelMid_Depth | G91: =F91 | H91: =G91 | I91: =H91 | K91: =J91 | L91: =K91 | M91: =L91 | O91: =N91 | P91: =O91 | Q91: =P91 | R91: 18 | S91: =R91 | T91: =S91 | U91: =T91 | W91: =V91 | X91: =W91 | Y91: =X91 | AA91: =Z91 | AB91: =AA91 | AC91: =AB91
A92: ='2_MechAdd_Script'!A92 | B92: SquirrelMid_Density | G92: =F92 | H92: =G92 | I92: =H92 | K92: =J92 | L92: =K92 | M92: =L92 | O92: =N92 | P92: =O92 | Q92: =P92 | R92: 1 | S92: =R92 | T92: =S92 | U92: =T92 | W92: =V92 | X92: =W92 | Y92: =X92 | AA92: =Z92 | AB92: =AA92 | AC92: =AB92
A93: ='2_MechAdd_Script'!A93 | B93: SquirrelMid_Radius | G93: =F93 | H93: =G93 | I93: =H93 | K93: =J93 | L93: =K93 | M93: =L93 | O93: =N93 | P93: =O93 | Q93: =P93 | R93: 5 | S93: =R93 | T93: =S93 | U93: =T93 | W93: =V93 | X93: =W93 | Y93: =X93 | AA93: =Z93 | AB93: =AA93 | AC93: =AB93

Sheet 2_MechAdd_ModSeverity
A1: Variable | B1: Suggested Short Name | C1: Mod Time Step 1 (221) Rules | D1: Time Step 2 (222) Rules | E1: Time Step 3 (223) Rules | F1: FB_0029_FCCS | G1: FB_0029_FCCS_221 | H1: FB_0029_FCCS_222 | I1: FB_0029_FCCS_223 | J1: FB_0046_FCCS | K1: FB_0046_FCCS_221 | L1: FB_0046_FCCS_222 | M1: FB_0046_FCCS_223 | N1: FB_0066_FCCS | O1: FB_0066_FCCS_221 | P1: FB_0066_FCCS_222 | Q1: FB_0066_FCCS_223 | R1: FB_0087_FCCS | S1: FB_0087_FCCS_221 | T1: FB_0087_FCCS_222 | U1: FB_0087_FCCS_223 | V1: FB_0109_FCCS | W1: FB_0109_FCCS_221 | X1: FB_0109_FCCS_222 | Y1: FB_0109_FCCS_223 | Z1: FB_0291_FCCS | AA1: FB_0291_FCCS_221 | AB1: FB_0291_FCCS_222 | AC1: FB_0291_FCCS_223
A2: ='2_MechAdd_Script'!A2 | B2: Canopy_TotalCover | C2: 0.67 | F2: 40 | G2: =$C2*F2 | H2: =G2 | I2: =H2 | K2: =$C2*J2 | L2: =K2 | M2: =L2 | O2: =$C2*N2 | P2: =O2 | Q2: =P2 | R2: 80 | S2: =$C2*R2 | T2: =S2 | U2: =T2 | V2: 85 | W2: =$C2*V2 | X2: =W2 | Y2: =X2 | Z2: 60 | AA2: =$C2*Z2 | AB2: =AA2 | AC2: =AB2
A3: ='2_MechAdd_Script'!A3 | B3: OTree_Diameter | C3: 1.25 | F3: 9.6 | G3: =$C3*F3 | H3: =G3 | I3: =H3 | K3: =$C3*J3 | L3: =K3 | M3: =L3 | O3: =$C3*N3 | P3: =O3 | Q3: =P3 | R3: 2.9 | S3: =$C3*R3 | T3: =S3 | U3: =T3 | V3: 14 | W3: =$C3*V3 | X3: =W3 | Y3: =X3 | Z3: 12 | AA3: =$C3*Z3 | AB3: =AA3 | AC3: =AB3
A4: ='2_MechAdd_Script'!A4 | B4: OTree_HeightLiveCrown | C4: 1.5 | F4: 20 | G4: =$C4*F4 | H4: =G4 | I4: =H4 | K4: =$C4*J4 | L4: =K4 | M4: =L4 | O4: =$C4*N4 | P4: =O4 | Q4: =P4 | R4: 4 | S4: =$C4*R4 | T4: =S4 | U4: =T4 | V4: 20 | W4: =$C4*V4 | X4: =W4 | Y4: =X4 | Z4: 55 | AA4: =$C4*Z4 | AB4: =AA4 | AC4: =AB4
A5: ='2_MechAdd_Script'!A5 | B5: OTree_Height | F5: 100 | G5: =F5 | H5: =G5 | I5: =H5 | K5: =J5 | L5: =K5 | M5: =L5 | O5: =N5 | P5: =O5 | Q5: =P5 | R5: 25 | S5: =R5 | T5: =S5 | U5: =T5 | V5: 60 | W5: =V5 | X5: =W5 | Y5: =X5 | Z5: 78 | AA5: =Z5 | AB5: =AA5 | AC5: =AB5
A6: ='2_MechAdd_Script'!A6 | B6: OTree_Cover | C6: 0.5 | F6: 40 | G6: =$C6*F6 | H6: =G6 | I6: =H6 | K6: =$C6*J6 | L6: =K6 | M6: =L6 | O6: =$C6*N6 | P6: =O6 | Q6: =P6 | R6: 80 | S6: =$C6*R6 | T6: =S6 | U6: =T6 | V6: 50 | W6: =$C6*V6 | X6: =W6 | Y6: =X6 | Z6: 50 | AA6: =$C6*Z6 | AB6: =AA6 | AC6: =AB6
A7: ='2_MechAdd_Script'!A7 | B7: OTree_Density | C7: 0.5 | F7: 12 | G7: =$C7*F7 | H7: =G7 | I7: =H7 | K7: =$C7*J7 | L7: =K7 | M7: =L7 | O7: =$C7*N7 | P7: =O7 | Q7: =P7 | R7: 3500 | S7: =$C7*R7 | T7: =S7 | U7: =T7 | V7: 45 | W7: =$C7*V7 | X7: =W7 | Y7: =X7 | Z7: 100 | AA7: =$C7*Z7 | AB7: =AA7 | AC7: =AB7
A8: ='2_MechAdd_Script'!A8 | B8: MTree_Diameter | C8: 1.25 | G8: =$C8*F8 | H8: =G8 | I8: =H8 | K8: =$C8*J8 | L8: =K8 | M8: =L8 | O8: =$C8*N8 | P8: =O8 | Q8: =P8 | S8: =$C8*R8 | T8: =S8 | U8: =T8 | V8: 7.5 | W8: =$C8*V8 | X8: =W8 | Y8: =X8 | AA8: =$C8*Z8 | AB8: =AA8 | AC8: =AB8
A9: ='2_MechAdd_Script'!A9 | B9: MTree_HeightLiveCrown | C9: 1.5 | G9: =$C9*F9 | H9: =G9 | I9: =H9 | K9: =$C9*J9 | L9: =K9 | M9: =L9 | O9: =$C9*N9 | P9: =O9 | Q9: =P9 | S9: =$C9*R9 | T9: =S9 | U9: =T9 | V9: 10 | W9: =$C9*V9 | X9: =W9 | Y9: =X9 | AA9: =$C9*Z9 | AB9: =AA9 | AC9: =AB9
A10: ='2_MechAdd_Script'!A10 | B10: MTree_Height | G10: =F10 | H10: =G10 | I10: =H10 | K10: =J10 | L10: =K10 | M10: =L10 | O10: =N10 | P10: =O10 | Q10: =P10 | S10: =R10 | T10: =S10 | U10: =T10 | V10: 44 | W10: =V10 | X10: =W10 | Y10: =X10 | AA10: =Z10 | AB10: =AA10 | AC10: =AB10
A11: ='2_MechAdd_Script'!A11 | B11: MTree_Cover | C11: 0.5 | G11: =$C11*F11 | H11: =G11 | I11: =H11 | K11: =$C11*J11 | L11: =K11 | M11: =L11 | O11: =$C11*N11 | P11: =O11 | Q11: =P11 | S11: =$C11*R11 | T11: =S11 | U11: =T11 | V11: 50 | W11: =$C11*V11 | X11: =W11 | Y11: =X11 | AA11: =$C11*Z11 | AB11: =AA11 | AC11: =AB11
A12: ='2_MechAdd_Script'!A12 | B12: MTree_Density | C12: 0.5 | G12: =$C12*F12 | H12: =G12 | I12: =H12 | K12: =$C12*J12 | L12: =K12 | M12: =L12 | O12: =$C12*N12 | P12: =O12 | Q12: =P12 | S12: =$C12*R12 | T12: =S12 | U12: =T12 | V12: 150 | W12: =$C12*V12 | X12: =W12 | Y12: =X12 | AA12: =$C12*Z12 | AB12: =AA12 | AC12: =AB12
A13: ='2_MechAdd_Script'!A13 | B13: UTree_Diameter | C13: 0 | G13: =$C13*F13 | H13: =G13 | I13: =H13 | K13: =$C13*J13 | L13: =K13 | M13: =L13 | O13: =$C13*N13 | P13: =O13 | Q13: =P13 | R13: 0.5 | S13: =$C13*R13 | T13: =S13 | U13: =T13 | V13: 1.7 | W13: =$C13*V13 | X13: =W13 | Y13: =X13 | Z13: 1 | AA13: =$C13*Z13 | AB13: =AA13 | AC13: =AB13
A14: ='2_MechAdd_Script'!A14 | B14: UTree_HeightLiveCrown | C14: 0 | G14: =$C14*F14 | H14: =G14 | I14: =H14 | K14: =$C14*J14 | L14: =K14 | M14: =L14 | O14: =$C14*N14 | P14: =O14 | Q14: =P14 | R14: 0 | S14: =$C14*R14 | T14: =S14 | U14: =T14 | V14: 2 | W14: =$C14*V14 | X14: =W14 | Y14: =X14 | Z14: 2 | AA14: =$C14*Z14 | AB14: =AA14 | AC14: =AB14
A15: ='2_MechAdd_Script'!A15 | B15: UTree_Height | C15: 0 | G15: =$C15*F15 | H15: =G15 | I15: =H15 | K15: =$C15*J15 | L15: =K15 | M15: =L15 | O15: =$C15*N15 | P15: =O15 | Q15: =P15 | R15: 1.5 | S15: =$C15*R15 | T15: =S15 | U15: =T15 | V15: 10 | W15: =$C15*V15 | X15: =W15 | Y15: =X15 | Z15: 5 | AA15: =$C15*Z15 | AB15: =AA15 | AC15: =AB15
A16: ='2_MechAdd_Script'!A16 | B16: UTree_Cover | C16: 0 | G16: =$C16*F16 | H16: =G16 | I16: =H16 | K16: =$C16*J16 | L16: =K16 | M16: =L16 | O16: =$C16*N16 | P16: =O16 | Q16: =P16 | R16: 3 | S16: =$C16*R16 | T16: =S16 | U16: =T16 | V16: 30 | W16: =$C16*V16 | X16: =W16 | Y16: =X16 | Z16: 5 | AA16: =$C16*Z16 | AB16: =AA16 | AC16: =AB16
A17: ='2_MechAdd_Script'!A17 | B17: UTree_Density | C17: 0 | G17: =$C17*F17 | H17: =G17 | I17: =H17 | K17: =$C17*J17 | L17: =K17 | M17: =L17 | O17: =$C17*N17 | P17: =O17 | Q17: =P17 | R17: 1000 | S17: =$C17*R17 | T17: =S17 | U17: =T17 | V17: 1000 | W17: =$C17*V17 | X17: =W17 | Y17: =X17 | Z17: 25 | AA17: =$C17*Z17 | AB17: =AA17 | AC17: =AB17
A18: ='2_MechAdd_Script'!A18 | B18: C1Snag_Diameter | G18: =F18 | H18: =G18 | I18: =H18 | K18: =J18 | L18: =K18 | M18: =L18 | O18: =N18 | P18: =O18 | Q18: =P18 | R18: 3.5 | S18: =R18 | T18: =S18 | U18: =T18 | V18: 13 | W18: =V18 | X18: =W18 | Y18: =X18 | AA18: =Z18 | AB18: =AA18 | AC18: =AB18
A19: ='2_MechAdd_Script'!A19 | B19: C1Snag_Height | G19: =F19 | H19: =G19 | I19: =H19 | K19: =J19 | L19: =K19 | M19: =L19 | O19: =N19 | P19: =O19 | Q19: =P19 | R19: 25 | S19: =R19 | T19: =S19 | U19: =T19 | V19: 55 | W19: =V19 | X19: =W19 | Y19: =X19 | AA19: =Z19 | AB19: =AA19 | AC19: =AB19
A20: ='2_MechAdd_Script'!A20 | B20: C1Snag_Density | G20: =F20 | H20: =G20 | I20: =H20 | K20: =J20 | L20: =K20 | M20: =L20 | O20: =N20 | P20: =O20 | Q20: =P20 | R20: 100 | S20: =R20 | T20: =S20 | U20: =T20 | V20: 5 | W20: =V20 | X20: =W20 | Y20: =X20 | AA20: =Z20 | AB20: =AA20 | AC20: =AB20
A21: ='2_MechAdd_Script'!A21 | B21: C1FSnag_HeightCrownBase | G21: =F21 | H21: =G21 | I21: =H21 | K21: =J21 | L21: =K21 | M21: =L21 | O21: =N21 | P21: =O21 | Q21: =P21 | S21: =R21 | T21: =S21 | U21: =T21 | V21: 33.35 | W21: =V21 | X21: =W21 | Y21: =X21 | AA21: =Z21 | AB21: =AA21 | AC21: =AB21
A22: ='2_MechAdd_Script'!A22 | B22: C1FSnag_Diameter | G22: =F22 | H22: =G22 | I22: =H22 | K22: =J22 | L22: =K22 | M22: =L22 | O22: =N22 | P22: =O22 | Q22: =P22 | S22: =R22 | T22: =S22 | U22: =T22 | V22: 9 | W22: =V22 | X22: =W22 | Y22: =X22 | AA22: =Z22 | AB22: =AA22 | AC22: =AB22
A23: ='2_MechAdd_Script'!A23 | B23: C1FSnag_Height | G23: =F23 | H23: =G23 | I23: =H23 | K23: =J23 | L23: =K23 | M23: =L23 | O23: =N23 | P23: =O23 | Q23: =P23 | S23: =R23 | T23: =S23 | U23: =T23 | V23: 50 | W23: =V23 | X23: =W23 | Y23: =X23 | AA23: =Z23 | AB23: =AA23 | AC23: =AB23
A24: ='2_MechAdd_Script'!A24 | B24: C1FSnag_Cover | G24: =F24 | H24: =G24 | I24: =H24 | K24: =J24 | L24: =K24 | M24: =L24 | O24: =N24 | P24: =O24 | Q24: =P24 | S24: =R24 | T24: =S24 | U24: =T24 | V24: 0.5071 | W24: =V24 | X24: =W24 | Y24: =X24 | AA24: =Z24 | AB24: =AA24 | AC24: =AB24
A25: ='2_MechAdd_Script'!A25 | B25: C1FSnag_Density | G25: =F25 | H25: =G25 | I25: =H25 | K25: =J25 | L25: =K25 | M25: =L25 | O25: =N25 | P25: =O25 | Q25: =P25 | S25: =R25 | T25: =S25 | U25: =T25 | V25: 5 | W25: =V25 | X25: =W25 | Y25: =X25 | AA25: =Z25 | AB25: =AA25 | AC25: =AB25
A26: ='2_MechAdd_Script'!A26 | B26: C2Snag_Diameter | G26: =F26 | H26: =G26 | I26: =H26 | K26: =J26 | L26: =K26 | M26: =L26 | O26: =N26 | P26: =O26 | Q26: =P26 | R26: 3.5 | S26: =R26 | T26: =S26 | U26: =T26 | V26: 11 | W26: =V26 | X26: =W26 | Y26: =X26 | Z26: 12 | AA26: =Z26 | AB26: =AA26 | AC26: =AB26
A27: ='2_MechAdd_Script'!A27 | B27: C2Snag_Height | G27: =F27 | H27: =G27 | I27: =H27 | K27: =J27 | L27: =K27 | M27: =L27 | O27: =N27 | P27: =O27 | Q27: =P27 | R27: 20 | S27: =R27 | T27: =S27 | U27: =T27 | V27: 50 | W27: =V27 | X27: =W27 | Y27: =X27 | Z27: 70 | AA27: =Z27 | AB27: =AA27 | AC27: =AB27
A28: ='2_MechAdd_Script'!A28 | B28: C2Snag_Density | G28: =F28 | H28: =G28 | I28: =H28 | K28: =J28 | L28: =K28 | M28: =L28 | O28: =N28 | P28: =O28 | Q28: =P28 | R28: 150 | S28: =R28 | T28: =S28 | U28: =T28 | V28: 10 | W28: =V28 | X28: =W28 | Y28: =X28 | Z28: 3 | AA28: =Z28 | AB28: =AA28 | AC28: =AB28
A29: ='2_MechAdd_Script'!A29 | B29: C3Snag_Diameter | F29: 9 | G29: =F29 | H29: =G29 | I29: =H29 | K29: =J29 | L29: =K29 | M29: =L29 | O29: =N29 | P29: =O29 | Q29: =P29 | R29: 3.5 | S29: =R29 | T29: =S29 | U29: =T29 | V29: 11 | W29: =V29 | X29: =W29 | Y29: =X29 | Z29: 10 | AA29: =Z29 | AB29: =AA29 | AC29: =AB29
A30: ='2_MechAdd_Script'!A30 | B30: C3Snag_Height | F30: 60 | G30: =F30 | H30: =G30 | I30: =H30 | K30: =J30 | L30: =K30 | M30: =L30 | O30: =N30 | P30: =O30 | Q30: =P30 | R30: 15 | S30: =R30 | T30: =S30 | U30: =T30 | V30: 40 | W30: =V30 | X30: =W30 | Y30: =X30 | Z30: 60 | AA30: =Z30 | AB30: =AA30 | AC30: =AB30
A31: ='2_MechAdd_Script'!A31 | B31: C3Snag_Density | F31: 3 | G31: =F31 | H31: =G31 | I31: =H31 | K31: =J31 | L31: =K31 | M31: =L31 | O31: =N31 | P31: =O31 | Q31: =P31 | R31: 150 | S31: =R31 | T31: =S31 | U31: =T31 | V31: 5 | W31: =V31 | X31: =W31 | Y31: =X31 | Z31: 3 | AA31: =Z31 | AB31: =AA31 | AC31: =AB31
A32: ='2_MechAdd_Script'!A32 | B32: Ladder_MaxHeight | G32: =F32 | H32: =G32 | I32: =H32 | K32: =J32 | L32: =K32 | M32: =L32 | O32: =N32 | P32: =O32 | Q32: =P32 | R32: 4 | S32: =R32 | T32: =S32 | U32: =T32 | V32: 15 | W32: =V32 | X32: =W32 | Y32: =X32 | AA32: =Z32 | AB32: =AA32 | AC32: =AB32
A33: ='2_MechAdd_Script'!A33 | B33: Ladder_MinHeight | G33: =F33 | H33: =G33 | I33: =H33 | K33: =J33 | L33: =K33 | M33: =L33 | O33: =N33 | P33: =O33 | Q33: =P33 | R33: 0 | S33: =R33 | T33: =S33 | U33: =T33 | V33: 5 | W33: =V33 | X33: =W33 | Y33: =X33 | AA33: =Z33 | AB33: =AA33 | AC33: =AB33
A34: ='2_MechAdd_Script'!A34 | B34: 1Shrub_Height | F34: 2.2 | G34: =F34 | H34: =G34 | I34: =H34 | J34: 5 | K34: =J34 | L34: =K34 | M34: =L34 | N34: 3 | O34: =N34 | P34: =O34 | Q34: =P34 | R34: 5 | S34: =R34 | T34: =S34 | U34: =T34 | V34: 6 | W34: =V34 | X34: =W34 | Y34: =X34 | Z34: 5 | AA34: =Z34 | AB34: =AA34 | AC34: =AB34
A35: ='2_MechAdd_Script'!A35 | B35: 1Shrub_Cover | C35: 0.5 | D35: 1.25 | E35: 1.25 | F35: 21.6 | G35: =$C35*F35 | H35: =MIN(100,G35*$D35) | I35: =MIN(100,$E35*H35) | J35: 70 | K35: =$C35*J35 | L35: =MIN(100,K35*$D35) | M35: =MIN(100,$E35*L35) | N35: 2 | O35: =$C35*N35 | P35: =MIN(100,O35*$D35) | Q35: =MIN(100,$E35*P35) | R35: 10 | S35: =$C35*R35 | T35: =MIN(100,S35*$D35) | U35: =MIN(100,$E35*T35) | V35: 30 | W35: =$C35*V35 | X35: =MIN(100,W35*$D35) | Y35: =MIN(100,$E35*X35) | Z35: 80 | AA35: =$C35*Z35 | AB35: =MIN(100,AA35*$D35) | AC35: =MIN(100,$E35*AB35)
A36: ='2_MechAdd_Script'!A36 | B36: 1Shrub_Live | C36: 0.25 | D36: =1/0.25 | F36: 85 | G36: =$C36*F36 | H36: =MIN(100,G36*$D36) | I36: =H36 | J36: 85 | K36: =$C36*J36 | L36: =MIN(100,K36*$D36) | M36: =L36 | N36: 100 | O36: =$C36*N36 | P36: =MIN(100,O36*$D36) | Q36: =P36 | R36: 90 | S36: =$C36*R36 | T36: =MIN(100,S36*$D36) | U36: =T36 | V36: 85 | W36: =$C36*V36 | X36: =MIN(100,W36*$D36) | Y36: =X36 | Z36: 90 | AA36: =$C36*Z36 | AB36: =MIN(100,AA36*$D36) | AC36: =AB36
A37: ='2_MechAdd_Script'!A37 | B37: 2Shrub_Height | F37: 0.3 | G37: =F37 | H37: =G37 | I37: =H37 | J37: 2 | K37: =J37 | L37: =K37 | M37: =L37 | O37: =N37 | P37: =O37 | Q37: =P37 | R37: 1 | S37: =R37 | T37: =S37 | U37: =T37 | W37: =V37 | X37: =W37 | Y37: =X37 | AA37: =Z37 | AB37: =AA37 | AC37: =AB37
A38: ='2_MechAdd_Script'!A38 | B38: 2Shrub_Cover | C38: 0.5 | D38: 1.25 | E38: 1.25 | F38: 1.2 | G38: =$C38*F38 | H38: =MIN(100,G38*$D38) | I38: =MIN(100,$E38*H38) | J38: 5 | K38: =$C38*J38 | L38: =MIN(100,K38*$D38) | M38: =MIN(100,$E38*L38) | O38: =$C38*N38 | P38: =MIN(100,O38*$D38) | Q38: =MIN(100,$E38*P38) | R38: 20 | S38: =$C38*R38 | T38: =MIN(100,S38*$D38) | U38: =MIN(100,$E38*T38) | W38: =$C38*V38 | X38: =MIN(100,W38*$D38) | Y38: =MIN(100,$E38*X38) | AA38: =$C38*Z38 | AB38: =MIN(100,AA38*$D38) | AC38: =MIN(100,$E38*AB38)
A39: ='2_MechAdd_Script'!A39 | B39: 2Shrub_Live | C39: 0.25 | D39: =1/0.25 | F39: 95 | G39: =$C39*F39 | H39: =MIN(100,G39*$D39) | I39: =H39 | J39: 85 | K39: =$C39*J39 | L39: =MIN(100,K39*$D39) | M39: =L39 | O39: =$C39*N39 | P39: =MIN(100,O39*$D39) | Q39: =P39 | R39: 90 | S39: =$C39*R39 | T39: =MIN(100,S39*$D39) | U39: =T39 | W39: =$C39*V39 | X39: =MIN(100,W39*$D39) | Y39: =X39 | AA39: =$C39*Z39 | AB39: =MIN(100,AA39*$D39) | AC39: =AB39
A40: ='2_MechAdd_Script'!A40 | B40: 1Herb_Height | F40: 0.9 | G40: =F40 | H40: =G40 | I40: =H40 | K40: =J40 | L40: =K40 | M40: =L40 | N40: 2 | O40: =N40 | P40: =O40 | Q40: =P40 | R40: 1 | S40: =R40 | T40: =S40 | U40: =T40 | V40: 2.5 | W40: =V40 | X40: =W40 | Y40: =X40 | Z40: 2 | AA40: =Z40 | AB40: =AA40 | AC40: =AB40
A41: ='2_MechAdd_Script'!A41 | B41: 1Herb_Load | C41: 0.5 | D41: 1.5 | E41: 1.5 | F41: 0.1 | G41: =$C41*F41 | H41: =G41*$D41 | I41: =$E41*H41 | K41: =$C41*J41 | L41: =K41*$D41 | M41: =$E41*L41 | N41: 1 | O41: =$C41*N41 | P41: =O41*$D41 | Q41: =$E41*P41 | R41: 0.01 | S41: =$C41*R41 | T41: =S41*$D41 | U41: =$E41*T41 | V41: 0.4 | W41: =$C41*V41 | X41: =W41*$D41 | Y41: =$E41*X41 | Z41: 0.1 | AA41: =$C41*Z41 | AB41: =AA41*$D41 | AC41: =$E41*AB41
A42: ='2_MechAdd_Script'!A42 | B42: 1Herb_Cover | C42: 0.5 | D42: 1.5 | E42: 1.5 | F42: 0.7 | G42: =$C42*F42 | H42: =MIN(100,G42*$D42) | I42: =MIN(100,$E42*H42) | K42: =$C42*J42 | L42: =MIN(100,K42*$D42) | M42: =MIN(100,$E42*L42) | N42: 90 | O42: =$C42*N42 | P42: =MIN(100,O42*$D42) | Q42: =MIN(100,$E42*P42) | R42: 2 | S42: =$C42*R42 | T42: =MIN(100,S42*$D42) | U42: =MIN(100,$E42*T42) | V42: 30 | W42: =$C42*V42 | X42: =MIN(100,W42*$D42) | Y42: =MIN(100,$E42*X42) | Z42: 20 | AA42: =$C42*Z42 | AB42: =MIN(100,AA42*$D42) | AC42: =MIN(100,$E42*AB42)
A43: ='2_MechAdd_Script'!A43 | B43: 1Herb_Live | C43: 0.5 | D43: =1/0.5 | F43: 95 | G43: =$C43*F43 | H43: =MIN(100,G43*$D43) | I43: =H43 | K43: =$C43*J43 | L43: =MIN(100,K43*$D43) | M43: =L43 | N43: 85 | O43: =$C43*N43 | P43: =MIN(100,O43*$D43) | Q43: =P43 | R43: 90 | S43: =$C43*R43 | T43: =MIN(100,S43*$D43) | U43: =T43 | V43: 80 | W43: =$C43*V43 | X43: =MIN(100,W43*$D43) | Y43: =X43 | Z43: 60 | AA43: =$C43*Z43 | AB43: =MIN(100,AA43*$D43) | AC43: =AB43
A44: ='2_MechAdd_Script'!A44 | B44: 2Herb_Height | F44: 0.9 | G44: =F44 | H44: =G44 | I44: =H44 | K44: =J44 | L44: =K44 | M44: =L44 | N44: 1 | O44: =N44 | P44: =O44 | Q44: =P44 | R44: 0.5 | S44: =R44 | T44: =S44 | U44: =T44 | W44: =V44 | X44: =W44 | Y44: =X44 | Z44: 1 | AA44: =Z44 | AB44: =AA44 | AC44: =AB44
A45: ='2_MechAdd_Script'!A45 | B45: 2Herb_Load | C45: 0.5 | D45: 1.5 | E45: 1.5 | F45: 0.1 | G45: =$C45*F45 | H45: =G45*$D45 | I45: =$E45*H45 | K45: =$C45*J45 | L45: =K45*$D45 | M45: =$E45*L45 | N45: 0.01 | O45: =$C45*N45 | P45: =O45*$D45 | Q45: =$E45*P45 | R45: 0.02 | S45: =$C45*R45 | T45: =S45*$D45 | U45: =$E45*T45 | W45: =$C45*V45 | X45: =W45*$D45 | Y45: =$E45*X45 | Z45: 0.1 | AA45: =$C45*Z45 | AB45: =AA45*$D45 | AC45: =$E45*AB45
A46: ='2_MechAdd_Script'!A46 | B46: 2Herb_Cover | C46: 0.5 | D46: 1.5 | E46: 1.5 | F46: 0.2 | G46: =$C46*F46 | H46: =MIN(100,G46*$D46) | I46: =MIN(100,$E46*H46) | K46: =$C46*J46 | L46: =MIN(100,K46*$D46) | M46: =MIN(100,$E46*L46) | N46: 8 | O46: =$C46*N46 | P46: =MIN(100,O46*$D46) | Q46: =MIN(100,$E46*P46) | R46: 5 | S46: =$C46*R46 | T46: =MIN(100,S46*$D46) | U46: =MIN(100,$E46*T46) | W46: =$C46*V46 | X46: =MIN(100,W46*$D46) | Y46: =MIN(100,$E46*X46) | Z46: 20 | AA46: =$C46*Z46 | AB46: =MIN(100,AA46*$D46) | AC46: =MIN(100,$E46*AB46)
A47: ='2_MechAdd_Script'!A47 | B47: 2Herb_Live | C47: 0.5 | D47: =1/0.5 | F47: 85 | G47: =$C47*F47 | H47: =MIN(100,G47*$D47) | I47: =H47 | K47: =$C47*J47 | L47: =MIN(100,K47*$D47) | M47: =L47 | N47: 70 | O47: =$C47*N47 | P47: =MIN(100,O47*$D47) | Q47: =P47 | R47: 90 | S47: =$C47*R47 | T47: =MIN(100,S47*$D47) | U47: =T47 | W47: =$C47*V47 | X47: =MIN(100,W47*$D47) | Y47: =X47 | Z47: 60 | AA47: =$C47*Z47 | AB47: =MIN(100,AA47*$D47) | AC47: =AB47
A48: ='2_MechAdd_Script'!A48 | B48: FineWood_Depth | C48: 1.5 | D48: 0.75 | E48: 0.5 | F48: 4 | G48: =$C48*F48 | H48: =G48*$D48 | I48: =$E48*H48 | J48: 1 | K48: =$C48*J48 | L48: =K48*$D48 | M48: =$E48*L48 | O48: =$C48*N48 | P48: =O48*$D48 | Q48: =$E48*P48 | R48: 0.5 | S48: =$C48*R48 | T48: =S48*$D48 | U48: =$E48*T48 | V48: 1 | W48: =$C48*V48 | X48: =W48*$D48 | Y48: =$E48*X48 | Z48: 0.5 | AA48: =$C48*Z48 | AB48: =AA48*$D48 | AC48: =$E48*AB48
A49: ='2_MechAdd_Script'!A49 | B49: FineWood_Cover | C49: 1.5 | D49: 0.75 | E49: 0.5 | F49: 70 | G49: =MIN(100,$C49*F49) | H49: =MIN(100,G49*$D49) | I49: =$E49*H49 | J49: 50 | K49: =MIN(100,$C49*J49) | L49: =MIN(100,K49*$D49) | M49: =$E49*L49 | O49: =MIN(100,$C49*N49) | P49: =MIN(100,O49*$D49) | Q49: =$E49*P49 | R49: 30 | S49: =MIN(100,$C49*R49) | T49: =MIN(100,S49*$D49) | U49: =$E49*T49 | V49: 40 | W49: =MIN(100,$C49*V49) | X49: =MIN(100,W49*$D49) | Y49: =$E49*X49 | Z49: 15 | AA49: =MIN(100,$C49*Z49) | AB49: =MIN(100,AA49*$D49) | AC49: =$E49*AB49
A50: ='2_MechAdd_Script'!A50 | B50: SWood_100hr | C50: 1.5 | D50: 0.75 | E50: 0.5 | F50: 2 | G50: =MAX(1,$C50*F50) | H50: =G50*$D50 | I50: =$E50*H50 | J50: 1 | K50: =MAX(1,$C50*J50) | L50: =K50*$D50 | M50: =$E50*L50 | O50: =MAX(1,$C50*N50) | P50: =O50*$D50 | Q50: =$E50*P50 | R50: 0.5 | S50: =MAX(1,$C50*R50) | T50: =S50*$D50 | U50: =$E50*T50 | V50: 1 | W50: =MAX(1,$C50*V50) | X50: =W50*$D50 | Y50: =$E50*X50 | Z50: 0.3 | AA50: =MAX(1,$C50*Z50) | AB50: =AA50*$D50 | AC50: =$E50*AB50
A51: ='2_MechAdd_Script'!A51 | B51: SWood_10hr | C51: 1.5 | D51: 0.75 | E51: 0.5 | F51: 1.5 | G51: =MAX(2,$C51*F51) | H51: =G51*$D51 | I51: =$E51*H51 | J51: 1 | K51: =MAX(2,$C51*J51) | L51: =K51*$D51 | M51: =$E51*L51 | O51: =MAX(2,$C51*N51) | P51: =O51*$D51 | Q51: =$E51*P51 | R51: 0.2 | S51: =MAX(2,$C51*R51) | T51: =S51*$D51 | U51: =$E51*T51 | V51: 0.5 | W51: =MAX(2,$C51*V51) | X51: =W51*$D51 | Y51: =$E51*X51 | Z51: 0.4 | AA51: =MAX(2,$C51*Z51) | AB51: =AA51*$D51 | AC51: =$E51*AB51
A52: ='2_MechAdd_Script'!A52 | B52: SWood_1hr | C52: 1.5 | D52: 0.75 | E52: 0.5 | F52: 1 | G52: =MAX(1,$C52*F52) | H52: =G52*$D52 | I52: =$E52*H52 | J52: 0.5 | K52: =MAX(1,$C52*J52) | L52: =K52*$D52 | M52: =$E52*L52 | O52: =MAX(1,$C52*N52) | P52: =O52*$D52 | Q52: =$E52*P52 | R52: 0.1 | S52: =MAX(1,$C52*R52) | T52: =S52*$D52 | U52: =$E52*T52 | V52: 0.3 | W52: =MAX(1,$C52*V52) | X52: =W52*$D52 | Y52: =$E52*X52 | Z52: 0.02 | AA52: =MAX(1,$C52*Z52) | AB52: =AA52*$D52 | AC52: =$E52*AB52
A53: ='2_MechAdd_Script'!A53 | B53: SWood_1000hr | D53: 0.75 | F53: 6 | G53: =F53 | H53: =G53*$D53 | I53: =H53 | J53: 0 | K53: =J53 | L53: =K53*$D53 | M53: =L53 | O53: =N53 | P53: =O53*$D53 | Q53: =P53 | R53: 1 | S53: =R53 | T53: =S53*$D53 | U53: =T53 | V53: 1.2 | W53: =V53 | X53: =W53*$D53 | Y53: =X53 | Z53: 0.5 | AA53: =Z53 | AB53: =AA53*$D53 | AC53: =AB53
A54: ='2_MechAdd_Script'!A54 | B54: SWood_10_000hr | D54: 0.75 | F54: 12 | G54: =F54 | H54: =G54*$D54 | I54: =H54 | J54: 0 | K54: =J54 | L54: =K54*$D54 | M54: =L54 | O54: =N54 | P54: =O54*$D54 | Q54: =P54 | R54: 0 | S54: =R54 | T54: =S54*$D54 | U54: =T54 | V54: 0.5 | W54: =V54 | X54: =W54*$D54 | Y54: =X54 | Z54: 0 | AA54: =Z54 | AB54: =AA54*$D54 | AC54: =AB54
A55: ='2_MechAdd_Script'!A55 | B55: SWood_GT10_000hr | D55: 0.75 | F55: 0 | G55: =F55 | H55: =G55*$D55 | I55: =H55 | J55: 0 | K55: =J55 | L55: =K55*$D55 | M55: =L55 | O55: =N55 | P55: =O55*$D55 | Q55: =P55 | R55: 0 | S55: =R55 | T55: =S55*$D55 | U55: =T55 | V55: 0.5 | W55: =V55 | X55: =W55*$D55 | Y55: =X55 | Z55: 0 | AA55: =Z55 | AB55: =AA55*$D55 | AC55: =AB55
A56: ='2_MechAdd_Script'!A56 | B56: RWood_1000hr | D56: Add 0.25 | E56: Add 0.5 | F56: 5 | G56: =F56 | H56: =(G53*0.25)+G56 | I56: =(H53*0.5)+H56 | K56: =J56 | L56: =(K53*0.25)+K56 | M56: =(L53*0.5)+L56 | O56: =N56 | P56: =(O53*0.25)+O56 | Q56: =(P53*0.5)+P56 | R56: 0.5 | S56: =R56 | T56: =(S53*0.25)+S56 | U56: =(T53*0.5)+T56 | V56: 0.75 | W56: =V56 | X56: =(W53*0.25)+W56 | Y56: =(X53*0.5)+X56 | AA56: =Z56 | AB56: =(AA53*0.25)+AA56 | AC56: =(AB53*0.5)+AB56
A57: ='2_MechAdd_Script'!A57 | B57: RWood_10_000hr | D57: Add 0.25 | E57: Add 0.5 | F57: 11 | G57: =F57 | H57: =(G54*0.25)+G57 | I57: =(H54*0.5)+H57 | K57: =J57 | L57: =(K54*0.25)+K57 | M57: =(L54*0.5)+L57 | O57: =N57 | P57: =(O54*0.25)+O57 | Q57: =(P54*0.5)+P57 | R57: 0 | S57: =R57 | T57: =(S54*0.25)+S57 | U57: =(T54*0.5)+T57 | V57: 0.3 | W57: =V57 | X57: =(W54*0.25)+W57 | Y57: =(X54*0.5)+X57 | AA57: =Z57 | AB57: =(AA54*0.25)+AA57 | AC57: =(AB54*0.5)+AB57
A58: ='2_MechAdd_Script'!A58 | B58: RWood_GT10_000hr | D58: Add 0.25 | E58: Add 0.5 | F58: 0 | G58: =F58 | H58: =(G55*0.25)+G58 | I58: =(H55*0.5)+H58 | K58: =J58 | L58: =(K55*0.25)+K58 | M58: =(L55*0.5)+L58 | O58: =N58 | P58: =(O55*0.25)+O58 | Q58: =(P55*0.5)+P58 | R58: 0 | S58: =R58 | T58: =(S55*0.25)+S58 | U58: =(T55*0.5)+T58 | V58: 0 | W58: =V58 | X58: =(W55*0.25)+W58 | Y58: =(X55*0.5)+X58 | AA58: =Z58 | AB58: =(AA55*0.25)+AA58 | AC58: =(AB55*0.5)+AB58
A59: ='2_MechAdd_Script'!A59 | B59: SStump_Diameter | E59: 0 | F59: 9.6 | G59: =F59 | H59: =G59 | I59: =$E59*H59 | K59: =J59 | L59: =K59 | M59: =$E59*L59 | O59: =N59 | P59: =O59 | Q59: =$E59*P59 | R59: 3.5 | S59: =R59 | T59: =S59 | U59: =$E59*T59 | W59: =V59 | X59: =W59 | Y59: =$E59*X59 | AA59: =Z59 | AB59: =AA59 | AC59: =$E59*AB59
A60: ='2_MechAdd_Script'!A60 | B60: SStump_Height | E60: 0 | F60: 0.4 | G60: =F60 | H60: =G60 | I60: =$E60*H60 | K60: =J60 | L60: =K60 | M60: =$E60*L60 | O60: =N60 | P60: =O60 | Q60: =$E60*P60 | R60: 2 | S60: =R60 | T60: =S60 | U60: =$E60*T60 | W60: =V60 | X60: =W60 | Y60: =$E60*X60 | AA60: =Z60 | AB60: =AA60 | AC60: =$E60*AB60
A61: ='2_MechAdd_Script'!A61 | B61: SStump_Density | C61: Add 0.5Over Mid Density | E61: 0 | F61: 115 | G61: =F61+(F7*0.5)+(F12*0.5) | H61: =G61 | I61: =$E61*H61 | K61: =J61+(J7*0.5)+(J12*0.5) | L61: =K61 | M61: =$E61*L61 | O61: =N61+(N7*0.5)+(N12*0.5) | P61: =O61 | Q61: =$E61*P61 | R61: 50 | S61: =R61+(R7*0.5)+(R12*0.5) | T61: =S61 | U61: =$E61*T61 | W61: =V61+(V7*0.5)+(V12*0.5) | X61: =W61 | Y61: =$E61*X61 | AA61: =Z61+(Z7*0.5)+(Z12*0.5) | AB61: =AA61 | AC61: =$E61*AB61
A62: ='2_MechAdd_Script'!A62 | B62: RStump_Diameter | F62: 9.6 | G62: =F62 | H62: =G62 | I62: =IF(H62>0,H62,IF(H64+H61=0,0,H59)) | K62: =J62 | L62: =K62 | M62: =IF(L62>0,L62,IF(L64+L61=0,0,L59)) | O62: =N62 | P62: =O62 | Q62: =IF(P62>0,P62,IF(P64+P61=0,0,P59)) | R62: 3.5 | S62: =R62 | T62: =S62 | U62: =IF(T62>0,T62,IF(T64+T61=0,0,T59)) | V62: 10 | W62: =V62 | X62: =W62 | Y62: =IF(X62>0,X62,IF(X64+X61=0,0,X59)) | Z62: 10 | AA62: =Z62 | AB62: =AA62 | AC62: =IF(AB62>0,AB62,IF(AB64+AB61=0,0,AB59))
A63: ='2_MechAdd_Script'!A63 | B63: RStump_Height | F63: 0.4 | G63: =F63 | H63: =G63 | I63: =IF(H63>0,H63,IF(H64+H61=0,0,H60)) | K63: =J63 | L63: =K63 | M63: =IF(L63>0,L63,IF(L64+L61=0,0,L60)) | O63: =N63 | P63: =O63 | Q63: =IF(P63>0,P63,IF(P64+P61=0,0,P60)) | R63: 2 | S63: =R63 | T63: =S63 | U63: =IF(T63>0,T63,IF(T64+T61=0,0,T60)) | V63: 1 | W63: =V63 | X63: =W63 | Y63: =IF(X63>0,X63,IF(X64+X61=0,0,X60)) | Z63: 1 | AA63: =Z63 | AB63: =AA63 | AC63: =IF(AB63>0,AB63,IF(AB64+AB61=0,0,AB60))
A64: ='2_MechAdd_Script'!A64 | B64: RStump_Density | E64: Add S Stump Density | F64: 115 | G64: =F64 | H64: =G64 | I64: =H64+H61 | K64: =J64 | L64: =K64 | M64: =L64+L61 | O64: =N64 | P64: =O64 | Q64: =P64+P61 | R64: 50 | S64: =R64 | T64: =S64 | U64: =T64+T61 | V64: 5 | W64: =V64 | X64: =W64 | Y64: =X64+X61 | Z64: 3 | AA64: =Z64 | AB64: =AA64 | AC64: =AB64+AB61
A65: ='2_MechAdd_Script'!A65 | B65: LStump_Diameter | G65: =F65 | H65: =G65 | I65: =H65 | K65: =J65 | L65: =K65 | M65: =L65 | O65: =N65 | P65: =O65 | Q65: =P65 | S65: =R65 | T65: =S65 | U65: =T65 | W65: =V65 | X65: =W65 | Y65: =X65 | AA65: =Z65 | AB65: =AA65 | AC65: =AB65
A66: ='2_MechAdd_Script'!A66 | B66: LStump_Height | G66: =F66 | H66: =G66 | I66: =H66 | K66: =J66 | L66: =K66 | M66: =L66 | O66: =N66 | P66: =O66 | Q66: =P66 | S66: =R66 | T66: =S66 | U66: =T66 | W66: =V66 | X66: =W66 | Y66: =X66 | AA66: =Z66 | AB66: =AA66 | AC66: =AB66
A67: ='2_MechAdd_Script'!A67 | B67: LStump_Density | G67: =F67 | H67: =G67 | I67: =H67 | K67: =J67 | L67: =K67 | M67: =L67 | O67: =N67 | P67: =O67 | Q67: =P67 | S67: =R67 | T67: =S67 | U67: =T67 | W67: =V67 | X67: =W67 | Y67: =X67 | AA67: =Z67 | AB67: =AA67 | AC67: =AB67
A68: ='2_MechAdd_Script'!A68 | B68: CleanPile_Load | F68: 0.078119 | G68: =F68 | H68: =G68 | I68: =H68 | J68: 0 | K68: =J68 | L68: =K68 | M68: =L68 | N68: 0 | O68: =N68 | P68: =O68 | Q68: =P68 | R68: 0.081811 | S68: =R68 | T68: =S68 | U68: =T68 | V68: 0.135893 | W68: =V68 | X68: =W68 | Y68: =X68 | Z68: 0 | AA68: =Z68 | AB68: =AA68 | AC68: =AB68
A69: ='2_MechAdd_Script'!A69 | B69: DirtyPile_Load | F69: 0 | G69: =F69 | H69: =G69 | I69: =H69 | J69: 0 | K69: =J69 | L69: =K69 | M69: =L69 | N69: 0 | O69: =N69 | P69: =O69 | Q69: =P69 | R69: 0 | S69: =R69 | T69: =S69 | U69: =T69 | V69: 0 | W69: =V69 | X69: =W69 | Y69: =X69 | Z69: 0 | AA69: =Z69 | AB69: =AA69 | AC69: =AB69
A70: ='2_MechAdd_Script'!A70 | B70: VDirtyPile_Load | F70: 0 | G70: =F70 | H70: =G70 | I70: =H70 | J70: 0 | K70: =J70 | L70: =K70 | M70: =L70 | N70: 0 | O70: =N70 | P70: =O70 | Q70: =P70 | R70: 0 | S70: =R70 | T70: =S70 | U70: =T70 | V70: 0 | W70: =V70 | X70: =W70 | Y70: =X70 | Z70: 0 | AA70: =Z70 | AB70: =AA70 | AC70: =AB70
A71: ='2_MechAdd_Script'!A71 | B71: BroadleafLitter_RelCover | G71: =F71 | H71: =G71 | I71: =H71 | K71: =J71 | L71: =K71 | M71: =L71 | O71: =N71 | P71: =O71 | Q71: =P71 | S71: =R71 | T71: =S71 | U71: =T71 | V71: 90 | W71: =V71 | X71: =W71 | Y71: =X71 | AA71: =Z71 | AB71: =AA71 | AC71: =AB71
A72: ='2_MechAdd_Script'!A72 | B72: EvergreenLitter_RelCover | G72: =F72 | H72: =G72 | I72: =H72 | J72: 100 | K72: =J72 | L72: =K72 | M72: =L72 | O72: =N72 | P72: =O72 | Q72: =P72 | S72: =R72 | T72: =S72 | U72: =T72 | W72: =V72 | X72: =W72 | Y72: =X72 | AA72: =Z72 | AB72: =AA72 | AC72: =AB72
A73: ='2_MechAdd_Script'!A73 | B73: GrassLitter_RelCover | G73: =F73 | H73: =G73 | I73: =H73 | K73: =J73 | L73: =K73 | M73: =L73 | N73: 100 | O73: =N73 | P73: =O73 | Q73: =P73 | S73: =R73 | T73: =S73 | U73: =T73 | W73: =V73 | X73: =W73 | Y73: =X73 | AA73: =Z73 | AB73: =AA73 | AC73: =AB73
A74: ='2_MechAdd_Script'!A74 | B74: LongNeedleLitter_RelCover | F74: 50 | G74: =F74 | H74: =G74 | I74: =H74 | K74: =J74 | L74: =K74 | M74: =L74 | O74: =N74 | P74: =O74 | Q74: =P74 | S74: =R74 | T74: =S74 | U74: =T74 | V74: 10 | W74: =V74 | X74: =W74 | Y74: =X74 | Z74: 40 | AA74: =Z74 | AB74: =AA74 | AC74: =AB74
A75: ='2_MechAdd_Script'!A75 | B75: OtherConiferLitter_RelCover | F75: 50 | G75: =F75 | H75: =G75 | I75: =H75 | K75: =J75 | L75: =K75 | M75: =L75 | O75: =N75 | P75: =O75 | Q75: =P75 | R75: 100 | S75: =R75 | T75: =S75 | U75: =T75 | W75: =V75 | X75: =W75 | Y75: =X75 | AA75: =Z75 | AB75: =AA75 | AC75: =AB75
A76: ='2_MechAdd_Script'!A76 | B76: PalmLitter_RelCover | G76: =F76 | H76: =G76 | I76: =H76 | K76: =J76 | L76: =K76 | M76: =L76 | O76: =N76 | P76: =O76 | Q76: =P76 | S76: =R76 | T76: =S76 | U76: =T76 | W76: =V76 | X76: =W76 | Y76: =X76 | Z76: 60 | AA76: =Z76 | AB76: =AA76 | AC76: =AB76
A77: ='2_MechAdd_Script'!A77 | B77: ShortNeedleLitter_RelCover | G77: =F77 | H77: =G77 | I77: =H77 | K77: =J77 | L77: =K77 | M77: =L77 | O77: =N77 | P77: =O77 | Q77: =P77 | S77: =R77 | T77: =S77 | U77: =T77 | W77: =V77 | X77: =W77 | Y77: =X77 | AA77: =Z77 | AB77: =AA77 | AC77: =AB77
A78: ='2_MechAdd_Script'!A78 | B78: Lichen_Depth | G78: =F78 | H78: =G78 | I78: =H78 | K78: =J78 | L78: =K78 | M78: =L78 | O78: =N78 | P78: =O78 | Q78: =P78 | R78: 2 | S78: =R78 | T78: =S78 | U78: =T78 | W78: =V78 | X78: =W78 | Y78: =X78 | AA78: =Z78 | AB78: =AA78 | AC78: =AB78
A79: ='2_MechAdd_Script'!A79 | B79: Lichen_Cover | G79: =F79 | H79: =G79 | I79: =H79 | K79: =J79 | L79: =K79 | M79: =L79 | O79: =N79 | P79: =O79 | Q79: =P79 | R79: 5 | S79: =R79 | T79: =S79 | U79: =T79 | W79: =V79 | X79: =W79 | Y79: =X79 | AA79: =Z79 | AB79: =AA79 | AC79: =AB79
A80: ='2_MechAdd_Script'!A80 | B80: Litter_Depth | C80: 1.5 | F80: 0.2 | G80: =$C80*F80 | H80: =G80 | I80: =H80 | J80: 1 | K80: =$C80*J80 | L80: =K80 | M80: =L80 | N80: 2.5 | O80: =$C80*N80 | P80: =O80 | Q80: =P80 | R80: 1 | S80: =$C80*R80 | T80: =S80 | U80: =T80 | V80: 1.5 | W80: =$C80*V80 | X80: =W80 | Y80: =X80 | Z80: 2 | AA80: =$C80*Z80 | AB80: =AA80 | AC80: =AB80
A81: ='2_MechAdd_Script'!A81 | B81: Litter_Cover | C81: 1.5 | F81: 70 | G81: =MIN(100,$C81*F81) | H81: =G81 | I81: =H81 | J81: 60 | K81: =MIN(100,$C81*J81) | L81: =K81 | M81: =L81 | N81: 5 | O81: =MIN(100,$C81*N81) | P81: =O81 | Q81: =P81 | R81: 15 | S81: =MIN(100,$C81*R81) | T81: =S81 | U81: =T81 | V81: 90 | W81: =MIN(100,$C81*V81) | X81: =W81 | Y81: =X81 | Z81: 70 | AA81: =MIN(100,$C81*Z81) | AB81: =AA81 | AC81: =AB81
A82: ='2_MechAdd_Script'!A82 | B82: Moss_Depth | G82: =F82 | H82: =G82 | I82: =H82 | K82: =J82 | L82: =K82 | M82: =L82 | O82: =N82 | P82: =O82 | Q82: =P82 | R82: 2.5 | S82: =R82 | T82: =S82 | U82: =T82 | V82: 1 | W82: =V82 | X82: =W82 | Y82: =X82 | AA82: =Z82 | AB82: =AA82 | AC82: =AB82
A83: ='2_MechAdd_Script'!A83 | B83: Moss_Cover | G83: =F83 | H83: =G83 | I83: =H83 | K83: =J83 | L83: =K83 | M83: =L83 | O83: =N83 | P83: =O83 | Q83: =P83 | R83: 80 | S83: =R83 | T83: =S83 | U83: =T83 | V83: 5 | W83: =V83 | X83: =W83 | Y83: =X83 | AA83: =Z83 | AB83: =AA83 | AC83: =AB83
A84: ='2_MechAdd_Script'!A84 | B84: LowerDuff_Depth | G84: =F84 | H84: =G84 | I84: =H84 | J84: 0.2 | K84: =J84 | L84: =K84 | M84: =L84 | O84: =N84 | P84: =O84 | Q84: =P84 | R84: 2 | S84: =R84 | T84: =S84 | U84: =T84 | W84: =V84 | X84: =W84 | Y84: =X84 | AA84: =Z84 | AB84: =AA84 | AC84: =AB84
A85: ='2_MechAdd_Script'!A85 | B85: LowerDuff_Cover | G85: =F85 | H85: =G85 | I85: =H85 | J85: 60 | K85: =J85 | L85: =K85 | M85: =L85 | O85: =N85 | P85: =O85 | Q85: =P85 | R85: 90 | S85: =R85 | T85: =S85 | U85: =T85 | W85: =V85 | X85: =W85 | Y85: =X85 | AA85: =Z85 | AB85: =AA85 | AC85: =AB85
A86: ='2_MechAdd_Script'!A86 | B86: UpperDuff_Depth | E86: 1.2 | F86: 0.5 | G86: =F86 | H86: =G86 | I86: =$E86*H86 | J86: 0.4 | K86: =J86 | L86: =K86 | M86: =$E86*L86 | N86: 0.2 | O86: =N86 | P86: =O86 | Q86: =$E86*P86 | R86: 4 | S86: =R86 | T86: =S86 | U86: =$E86*T86 | V86: 1 | W86: =V86 | X86: =W86 | Y86: =$E86*X86 | Z86: 1.5 | AA86: =Z86 | AB86: =AA86 | AC86: =$E86*AB86
A87: ='2_MechAdd_Script'!A87 | B87: UpperDuff_Cover | E87: 1.2 | F87: 70 | G87: =F87 | H87: =G87 | I87: =MIN(100,$E87*H87) | J87: 60 | K87: =J87 | L87: =K87 | M87: =MIN(100,$E87*L87) | N87: 70 | O87: =N87 | P87: =O87 | Q87: =MIN(100,$E87*P87) | R87: 100 | S87: =R87 | T87: =S87 | U87: =MIN(100,$E87*T87) | V87: 90 | W87: =V87 | X87: =W87 | Y87: =MIN(100,$E87*X87) | Z87: 70 | AA87: =Z87 | AB87: =AA87 | AC87: =MIN(100,$E87*AB87)
A88: ='2_MechAdd_Script'!A88 | B88: BasalAccum_Depth | G88: =F88 | H88: =G88 | I88: =H88 | K88: =J88 | L88: =K88 | M88: =L88 | O88: =N88 | P88: =O88 | Q88: =P88 | S88: =R88 | T88: =S88 | U88: =T88 | W88: =V88 | X88: =W88 | Y88: =X88 | AA88: =Z88 | AB88: =AA88 | AC88: =AB88
A89: ='2_MechAdd_Script'!A89 | B89: BasalAccum_Density | G89: =F89 | H89: =G89 | I89: =H89 | K89: =J89 | L89: =K89 | M89: =L89 | O89: =N89 | P89: =O89 | Q89: =P89 | S89: =R89 | T89: =S89 | U89: =T89 | W89: =V89 | X89: =W89 | Y89: =X89 | AA89: =Z89 | AB89: =AA89 | AC89: =AB89
A90: ='2_MechAdd_Script'!A90 | B90: BasalAccum_Radius | G90: =F90 | H90: =G90 | I90: =H90 | K90: =J90 | L90: =K90 | M90: =L90 | O90: =N90 | P90: =O90 | Q90: =P90 | S90: =R90 | T90: =S90 | U90: =T90 | W90: =V90 | X90: =W90 | Y90: =X90 | AA90: =Z90 | AB90: =AA90 | AC90: =AB90
A91: ='2_MechAdd_Script'!A91 | B91: SquirrelMid_Depth | G91: =F91 | H91: =G91 | I91: =H91 | K91: =J91 | L91: =K91 | M91: =L91 | O91: =N91 | P91: =O91 | Q91: =P91 | R91: 18 | S91: =R91 | T91: =S91 | U91: =T91 | W91: =V91 | X91: =W91 | Y91: =X91 | AA91: =Z91 | AB91: =AA91 | AC91: =AB91
A92: ='2_MechAdd_Script'!A92 | B92: SquirrelMid_Density | G92: =F92 | H92: =G92 | I92: =H92 | K92: =J92 | L92: =K92 | M92: =L92 | O92: =N92 | P92: =O92 | Q92: =P92 | R92: 1 | S92: =R92 | T92: =S92 | U92: =T92 | W92: =V92 | X92: =W92 | Y92: =X92 | AA92: =Z92 | AB92: =AA92 | AC92: =AB92
A93: ='2_MechAdd_Script'!A93 | B93: SquirrelMid_Radius | G93: =F93 | H93: =G93 | I93: =H93 | K93: =J93 | L93: =K93 | M93: =L93 | O93: =N93 | P93: =O93 | Q93: =P93 | R93: 5 | S93: =R93 | T93: =S93 | U93: =T93 | W93: =V93 | X93: =W93 | Y93: =X93 | AA93: =Z93 | AB93: =AA93 | AC93: =AB93

Sheet 2_MechAdd_HighSeverity
A1: Variable | B1: Suggested Short Name | C1: High Time Step 1 (231) Rules | D1: Time Step 2 (232) Rules | E1: Time Step 3 (233) Rules | F1: FB_0029_FCCS | G1: FB_0029_FCCS_231 | H1: FB_0029_FCCS_232 | I1: FB_0029_FCCS_233 | J1: FB_0046_FCCS | K1: FB_0046_FCCS_231 | L1: FB_0046_FCCS_232 | M1: FB_0046_FCCS_233 | N1: FB_0066_FCCS | O1: FB_0066_FCCS_231 | P1: FB_0066_FCCS_232 | Q1: FB_0066_FCCS_233 | R1: FB_0087_FCCS | S1: FB_0087_FCCS_231 | T1: FB_0087_FCCS_232 | U1: FB_0087_FCCS_233 | V1: FB_0109_FCCS | W1: FB_0109_FCCS_231 | X1: FB_0109_FCCS_232 | Y1: FB_0109_FCCS_233 | Z1: FB_0291_FCCS | AA1: FB_0291_FCCS_231 | AB1: FB_0291_FCCS_232 | AC1: FB_0291_FCCS_233
A2: ='2_MechAdd_Script'!A2 | B2: Canopy_TotalCover | C2: 0.33 | F2: 40 | G2: =$C2*F2 | H2: =G2 | I2: =H2 | K2: =$C2*J2 | L2: =K2 | M2: =L2 | O2: =$C2*N2 | P2: =O2 | Q2: =P2 | R2: 80 | S2: =$C2*R2 | T2: =S2 | U2: =T2 | V2: 85 | W2: =$C2*V2 | X2: =W2 | Y2: =X2 | Z2: 60 | AA2: =$C2*Z2 | AB2: =AA2 | AC2: =AB2
A3: ='2_MechAdd_Script'!A3 | B3: OTree_Diameter | C3: 1.25 | F3: 9.6 | G3: =$C3*F3 | H3: =G3 | I3: =H3 | K3: =$C3*J3 | L3: =K3 | M3: =L3 | O3: =$C3*N3 | P3: =O3 | Q3: =P3 | R3: 2.9 | S3: =$C3*R3 | T3: =S3 | U3: =T3 | V3: 14 | W3: =$C3*V3 | X3: =W3 | Y3: =X3 | Z3: 12 | AA3: =$C3*Z3 | AB3: =AA3 | AC3: =AB3
A4: ='2_MechAdd_Script'!A4 | B4: OTree_HeightLiveCrown | C4: 1.5 | F4: 20 | G4: =$C4*F4 | H4: =G4 | I4: =H4 | K4: =$C4*J4 | L4: =K4 | M4: =L4 | O4: =$C4*N4 | P4: =O4 | Q4: =P4 | R4: 4 | S4: =$C4*R4 | T4: =S4 | U4: =T4 | V4: 20 | W4: =$C4*V4 | X4: =W4 | Y4: =X4 | Z4: 55 | AA4: =$C4*Z4 | AB4: =AA4 | AC4: =AB4
A5: ='2_MechAdd_Script'!A5 | B5: OTree_Height | F5: 100 | G5: =F5 | H5: =G5 | I5: =H5 | K5: =J5 | L5: =K5 | M5: =L5 | O5: =N5 | P5: =O5 | Q5: =P5 | R5: 25 | S5: =R5 | T5: =S5 | U5: =T5 | V5: 60 | W5: =V5 | X5: =W5 | Y5: =X5 | Z5: 78 | AA5: =Z5 | AB5: =AA5 | AC5: =AB5
A6: ='2_MechAdd_Script'!A6 | B6: OTree_Cover | C6: 0.25 | F6: 40 | G6: =$C6*F6 | H6: =G6 | I6: =H6 | K6: =$C6*J6 | L6: =K6 | M6: =L6 | O6: =$C6*N6 | P6: =O6 | Q6: =P6 | R6: 80 | S6: =$C6*R6 | T6: =S6 | U6: =T6 | V6: 50 | W6: =$C6*V6 | X6: =W6 | Y6: =X6 | Z6: 50 | AA6: =$C6*Z6 | AB6: =AA6 | AC6: =AB6
A7: ='2_MechAdd_Script'!A7 | B7: OTree_Density | C7: 0.25 | F7: 12 | G7: =$C7*F7 | H7: =G7 | I7: =H7 | K7: =$C7*J7 | L7: =K7 | M7: =L7 | O7: =$C7*N7 | P7: =O7 | Q7: =P7 | R7: 3500 | S7: =$C7*R7 | T7: =S7 | U7: =T7 | V7: 45 | W7: =$C7*V7 | X7: =W7 | Y7: =X7 | Z7: 100 | AA7: =$C7*Z7 | AB7: =AA7 | AC7: =AB7
A8: ='2_MechAdd_Script'!A8 | B8: MTree_Diameter | C8: 1.25 | G8: =$C8*F8 | H8: =G8 | I8: =H8 | K8: =$C8*J8 | L8: =K8 | M8: =L8 | O8: =$C8*N8 | P8: =O8 | Q8: =P8 | S8: =$C8*R8 | T8: =S8 | U8: =T8 | V8: 7.5 | W8: =$C8*V8 | X8: =W8 | Y8: =X8 | AA8: =$C8*Z8 | AB8: =AA8 | AC8: =AB8
A9: ='2_MechAdd_Script'!A9 | B9: MTree_HeightLiveCrown | C9: 1.5 | G9: =$C9*F9 | H9: =G9 | I9: =H9 | K9: =$C9*J9 | L9: =K9 | M9: =L9 | O9: =$C9*N9 | P9: =O9 | Q9: =P9 | S9: =$C9*R9 | T9: =S9 | U9: =T9 | V9: 10 | W9: =$C9*V9 | X9: =W9 | Y9: =X9 | AA9: =$C9*Z9 | AB9: =AA9 | AC9: =AB9
A10: ='2_MechAdd_Script'!A10 | B10: MTree_Height | G10: =F10 | H10: =G10 | I10: =H10 | K10: =J10 | L10: =K10 | M10: =L10 | O10: =N10 | P10: =O10 | Q10: =P10 | S10: =R10 | T10: =S10 | U10: =T10 | V10: 44 | W10: =V10 | X10: =W10 | Y10: =X10 | AA10: =Z10 | AB10: =AA10 | AC10: =AB10
A11: ='2_MechAdd_Script'!A11 | B11: MTree_Cover | C11: 0.25 | G11: =$C11*F11 | H11: =G11 | I11: =H11 | K11: =$C11*J11 | L11: =K11 | M11: =L11 | O11: =$C11*N11 | P11: =O11 | Q11: =P11 | S11: =$C11*R11 | T11: =S11 | U11: =T11 | V11: 50 | W11: =$C11*V11 | X11: =W11 | Y11: =X11 | AA11: =$C11*Z11 | AB11: =AA11 | AC11: =AB11
A12: ='2_MechAdd_Script'!A12 | B12: MTree_Density | C12: 0.25 | G12: =$C12*F12 | H12: =G12 | I12: =H12 | K12: =$C12*J12 | L12: =K12 | M12: =L12 | O12: =$C12*N12 | P12: =O12 | Q12: =P12 | S12: =$C12*R12 | T12: =S12 | U12: =T12 | V12: 150 | W12: =$C12*V12 | X12: =W12 | Y12: =X12 | AA12: =$C12*Z12 | AB12: =AA12 | AC12: =AB12
A13: ='2_MechAdd_Script'!A13 | B13: UTree_Diameter | C13: 0 | G13: =$C13*F13 | H13: =G13 | I13: =H13 | K13: =$C13*J13 | L13: =K13 | M13: =L13 | O13: =$C13*N13 | P13: =O13 | Q13: =P13 | R13: 0.5 | S13: =$C13*R13 | T13: =S13 | U13: =T13 | V13: 1.7 | W13: =$C13*V13 | X13: =W13 | Y13: =X13 | Z13: 1 | AA13: =$C13*Z13 | AB13: =AA13 | AC13: =AB13
A14: ='2_MechAdd_Script'!A14 | B14: UTree_HeightLiveCrown | C14: 0 | G14: =$C14*F14 | H14: =G14 | I14: =H14 | K14: =$C14*J14 | L14: =K14 | M14: =L14 | O14: =$C14*N14 | P14: =O14 | Q14: =P14 | R14: 0 | S14: =$C14*R14 | T14: =S14 | U14: =T14 | V14: 2 | W14: =$C14*V14 | X14: =W14 | Y14: =X14 | Z14: 2 | AA14: =$C14*Z14 | AB14: =AA14 | AC14: =AB14
A15: ='2_MechAdd_Script'!A15 | B15: UTree_Height | C15: 0 | G15: =$C15*F15 | H15: =G15 | I15: =H15 | K15: =$C15*J15 | L15: =K15 | M15: =L15 | O15: =$C15*N15 | P15: =O15 | Q15: =P15 | R15: 1.5 | S15: =$C15*R15 | T15: =S15 | U15: =T15 | V15: 10 | W15: =$C15*V15 | X15: =W15 | Y15: =X15 | Z15: 5 | AA15: =$C15*Z15 | AB15: =AA15 | AC15: =AB15
A16: ='2_MechAdd_Script'!A16 | B16: UTree_Cover | C16: 0 | G16: =$C16*F16 | H16: =G16 | I16: =H16 | K16: =$C16*J16 | L16: =K16 | M16: =L16 | O16: =$C16*N16 | P16: =O16 | Q16: =P16 | R16: 3 | S16: =$C16*R16 | T16: =S16 | U16: =T16 | V16: 30 | W16: =$C16*V16 | X16: =W16 | Y16: =X16 | Z16: 5 | AA16: =$C16*Z16 | AB16: =AA16 | AC16: =AB16
A17: ='2_MechAdd_Script'!A17 | B17: UTree_Density | C17: 0 | G17: =$C17*F17 | H17: =G17 | I17: =H17 | K17: =$C17*J17 | L17: =K17 | M17: =L17 | O17: =$C17*N17 | P17: =O17 | Q17: =P17 | R17: 1000 | S17: =$C17*R17 | T17: =S17 | U17: =T17 | V17: 1000 | W17: =$C17*V17 | X17: =W17 | Y17: =X17 | Z17: 25 | AA17: =$C17*Z17 | AB17: =AA17 | AC17: =AB17
A18: ='2_MechAdd_Script'!A18 | B18: C1Snag_Diameter | G18: =F18 | H18: =G18 | I18: =H18 | K18: =J18 | L18: =K18 | M18: =L18 | O18: =N18 | P18: =O18 | Q18: =P18 | R18: 3.5 | S18: =R18 | T18: =S18 | U18: =T18 | V18: 13 | W18: =V18 | X18: =W18 | Y18: =X18 | AA18: =Z18 | AB18: =AA18 | AC18: =AB18
A19: ='2_MechAdd_Script'!A19 | B19: C1Snag_Height | G19: =F19 | H19: =G19 | I19: =H19 | K19: =J19 | L19: =K19 | M19: =L19 | O19: =N19 | P19: =O19 | Q19: =P19 | R19: 25 | S19: =R19 | T19: =S19 | U19: =T19 | V19: 55 | W19: =V19 | X19: =W19 | Y19: =X19 | AA19: =Z19 | AB19: =AA19 | AC19: =AB19
A20: ='2_MechAdd_Script'!A20 | B20: C1Snag_Density | G20: =F20 | H20: =G20 | I20: =H20 | K20: =J20 | L20: =K20 | M20: =L20 | O20: =N20 | P20: =O20 | Q20: =P20 | R20: 100 | S20: =R20 | T20: =S20 | U20: =T20 | V20: 5 | W20: =V20 | X20: =W20 | Y20: =X20 | AA20: =Z20 | AB20: =AA20 | AC20: =AB20
A21: ='2_MechAdd_Script'!A21 | B21: C1FSnag_HeightCrownBase | G21: =F21 | H21: =G21 | I21: =H21 | K21: =J21 | L21: =K21 | M21: =L21 | O21: =N21 | P21: =O21 | Q21: =P21 | S21: =R21 | T21: =S21 | U21: =T21 | V21: 33.35 | W21: =V21 | X21: =W21 | Y21: =X21 | AA21: =Z21 | AB21: =AA21 | AC21: =AB21
A22: ='2_MechAdd_Script'!A22 | B22: C1FSnag_Diameter | G22: =F22 | H22: =G22 | I22: =H22 | K22: =J22 | L22: =K22 | M22: =L22 | O22: =N22 | P22: =O22 | Q22: =P22 | S22: =R22 | T22: =S22 | U22: =T22 | V22: 9 | W22: =V22 | X22: =W22 | Y22: =X22 | AA22: =Z22 | AB22: =AA22 | AC22: =AB22
A23: ='2_MechAdd_Script'!A23 | B23: C1FSnag_Height | G23: =F23 | H23: =G23 | I23: =H23 | K23: =J23 | L23: =K23 | M23: =L23 | O23: =N23 | P23: =O23 | Q23: =P23 | S23: =R23 | T23: =S23 | U23: =T23 | V23: 50 | W23: =V23 | X23: =W23 | Y23: =X23 | AA23: =Z23 | AB23: =AA23 | AC23: =AB23
A24: ='2_MechAdd_Script'!A24 | B24: C1FSnag_Cover | G24: =F24 | H24: =G24 | I24: =H24 | K24: =J24 | L24: =K24 | M24: =L24 | O24: =N24 | P24: =O24 | Q24: =P24 | S24: =R24 | T24: =S24 | U24: =T24 | V24: 0.5071 | W24: =V24 | X24: =W24 | Y24: =X24 | AA24: =Z24 | AB24: =AA24 | AC24: =AB24
A25: ='2_MechAdd_Script'!A25 | B25: C1FSnag_Density | G25: =F25 | H25: =G25 | I25: =H25 | K25: =J25 | L25: =K25 | M25: =L25 | O25: =N25 | P25: =O25 | Q25: =P25 | S25: =R25 | T25: =S25 | U25: =T25 | V25: 5 | W25: =V25 | X25: =W25 | Y25: =X25 | AA25: =Z25 | AB25: =AA25 | AC25: =AB25
A26: ='2_MechAdd_Script'!A26 | B26: C2Snag_Diameter | G26: =F26 | H26: =G26 | I26: =H26 | K26: =J26 | L26: =K26 | M26: =L26 | O26: =N26 | P26: =O26 | Q26: =P26 | R26: 3.5 | S26: =R26 | T26: =S26 | U26: =T26 | V26: 11 | W26: =V26 | X26: =W26 | Y26: =X26 | Z26: 12 | AA26: =Z26 | AB26: =AA26 | AC26: =AB26
A27: ='2_MechAdd_Script'!A27 | B27: C2Snag_Height | G27: =F27 | H27: =G27 | I27: =H27 | K27: =J27 | L27: =K27 | M27: =L27 | O27: =N27 | P27: =O27 | Q27: =P27 | R27: 20 | S27: =R27 | T27: =S27 | U27: =T27 | V27: 50 | W27: =V27 | X27: =W27 | Y27: =X27 | Z27: 70 | AA27: =Z27 | AB27: =AA27 | AC27: =AB27
A28: ='2_MechAdd_Script'!A28 | B28: C2Snag_Density | G28: =F28 | H28: =G28 | I28: =H28 | K28: =J28 | L28: =K28 | M28: =L28 | O28: =N28 | P28: =O28 | Q28: =P28 | R28: 150 | S28: =R28 | T28: =S28 | U28: =T28 | V28: 10 | W28: =V28 | X28: =W28 | Y28: =X28 | Z28: 3 | AA28: =Z28 | AB28: =AA28 | AC28: =AB28
A29: ='2_MechAdd_Script'!A29 | B29: C3Snag_Diameter | F29: 9 | G29: =F29 | H29: =G29 | I29: =H29 | K29: =J29 | L29: =K29 | M29: =L29 | O29: =N29 | P29: =O29 | Q29: =P29 | R29: 3.5 | S29: =R29 | T29: =S29 | U29: =T29 | V29: 11 | W29: =V29 | X29: =W29 | Y29: =X29 | Z29: 10 | AA29: =Z29 | AB29: =AA29 | AC29: =AB29
A30: ='2_MechAdd_Script'!A30 | B30: C3Snag_Height | F30: 60 | G30: =F30 | H30: =G30 | I30: =H30 | K30: =J30 | L30: =K30 | M30: =L30 | O30: =N30 | P30: =O30 | Q30: =P30 | R30: 15 | S30: =R30 | T30: =S30 | U30: =T30 | V30: 40 | W30: =V30 | X30: =W30 | Y30: =X30 | Z30: 60 | AA30: =Z30 | AB30: =AA30 | AC30: =AB30
A31: ='2_MechAdd_Script'!A31 | B31: C3Snag_Density | F31: 3 | G31: =F31 | H31: =G31 | I31: =H31 | K31: =J31 | L31: =K31 | M31: =L31 | O31: =N31 | P31: =O31 | Q31: =P31 | R31: 150 | S31: =R31 | T31: =S31 | U31: =T31 | V31: 5 | W31: =V31 | X31: =W31 | Y31: =X31 | Z31: 3 | AA31: =Z31 | AB31: =AA31 | AC31: =AB31
A32: ='2_MechAdd_Script'!A32 | B32: Ladder_MaxHeight | G32: =F32 | H32: =G32 | I32: =H32 | K32: =J32 | L32: =K32 | M32: =L32 | O32: =N32 | P32: =O32 | Q32: =P32 | R32: 4 | S32: =R32 | T32: =S32 | U32: =T32 | V32: 15 | W32: =V32 | X32: =W32 | Y32: =X32 | AA32: =Z32 | AB32: =AA32 | AC32: =AB32
A33: ='2_MechAdd_Script'!A33 | B33: Ladder_MinHeight | G33: =F33 | H33: =G33 | I33: =H33 | K33: =J33 | L33: =K33 | M33: =L33 | O33: =N33 | P33: =O33 | Q33: =P33 | R33: 0 | S33: =R33 | T33: =S33 | U33: =T33 | V33: 5 | W33: =V33 | X33: =W33 | Y33: =X33 | AA33: =Z33 | AB33: =AA33 | AC33: =AB33
A34: ='2_MechAdd_Script'!A34 | B34: 1Shrub_Height | F34: 2.2 | G34: =F34 | H34: =G34 | I34: =H34 | J34: 5 | K34: =J34 | L34: =K34 | M34: =L34 | N34: 3 | O34: =N34 | P34: =O34 | Q34: =P34 | R34: 5 | S34: =R34 | T34: =S34 | U34: =T34 | V34: 6 | W34: =V34 | X34: =W34 | Y34: =X34 | Z34: 5 | AA34: =Z34 | AB34: =AA34 | AC34: =AB34
A35: ='2_MechAdd_Script'!A35 | B35: 1Shrub_Cover | C35: 0.25 | D35: 1.5 | E35: 1.5 | F35: 21.6 | G35: =$C35*F35 | H35: =MIN(100,G35*$D35) | I35: =MIN(100,$E35*H35) | J35: 70 | K35: =$C35*J35 | L35: =MIN(100,K35*$D35) | M35: =MIN(100,$E35*L35) | N35: 2 | O35: =$C35*N35 | P35: =MIN(100,O35*$D35) | Q35: =MIN(100,$E35*P35) | R35: 10 | S35: =$C35*R35 | T35: =MIN(100,S35*$D35) | U35: =MIN(100,$E35*T35) | V35: 30 | W35: =$C35*V35 | X35: =MIN(100,W35*$D35) | Y35: =MIN(100,$E35*X35) | Z35: 80 | AA35: =$C35*Z35 | AB35: =MIN(100,AA35*$D35) | AC35: =MIN(100,$E35*AB35)
A36: ='2_MechAdd_Script'!A36 | B36: 1Shrub_Live | C36: 0.25 | D36: =1/0.25 | F36: 85 | G36: =$C36*F36 | H36: =MIN(100,G36*$D36) | I36: =H36 | J36: 85 | K36: =$C36*J36 | L36: =MIN(100,K36*$D36) | M36: =L36 | N36: 100 | O36: =$C36*N36 | P36: =MIN(100,O36*$D36) | Q36: =P36 | R36: 90 | S36: =$C36*R36 | T36: =MIN(100,S36*$D36) | U36: =T36 | V36: 85 | W36: =$C36*V36 | X36: =MIN(100,W36*$D36) | Y36: =X36 | Z36: 90 | AA36: =$C36*Z36 | AB36: =MIN(100,AA36*$D36) | AC36: =AB36
A37: ='2_MechAdd_Script'!A37 | B37: 2Shrub_Height | F37: 0.3 | G37: =F37 | H37: =G37 | I37: =H37 | J37: 2 | K37: =J37 | L37: =K37 | M37: =L37 | O37: =N37 | P37: =O37 | Q37: =P37 | R37: 1 | S37: =R37 | T37: =S37 | U37: =T37 | W37: =V37 | X37: =W37 | Y37: =X37 | AA37: =Z37 | AB37: =AA37 | AC37: =AB37
A38: ='2_MechAdd_Script'!A38 | B38: 2Shrub_Cover | C38: 0.25 | D38: 1.5 | E38: 1.5 | F38: 1.2 | G38: =$C38*F38 | H38: =MIN(100,G38*$D38) | I38: =MIN(100,$E38*H38) | J38: 5 | K38: =$C38*J38 | L38: =MIN(100,K38*$D38) | M38: =MIN(100,$E38*L38) | O38: =$C38*N38 | P38: =MIN(100,O38*$D38) | Q38: =MIN(100,$E38*P38) | R38: 20 | S38: =$C38*R38 | T38: =MIN(100,S38*$D38) | U38: =MIN(100,$E38*T38) | W38: =$C38*V38 | X38: =MIN(100,W38*$D38) | Y38: =MIN(100,$E38*X38) | AA38: =$C38*Z38 | AB38: =MIN(100,AA38*$D38) | AC38: =MIN(100,$E38*AB38)
A39: ='2_MechAdd_Script'!A39 | B39: 2Shrub_Live | C39: 0.25 | D39: =1/0.25 | F39: 95 | G39: =$C39*F39 | H39: =MIN(100,G39*$D39) | I39: =H39 | J39: 85 | K39: =$C39*J39 | L39: =MIN(100,K39*$D39) | M39: =L39 | O39: =$C39*N39 | P39: =MIN(100,O39*$D39) | Q39: =P39 | R39: 90 | S39: =$C39*R39 | T39: =MIN(100,S39*$D39) | U39: =T39 | W39: =$C39*V39 | X39: =MIN(100,W39*$D39) | Y39: =X39 | AA39: =$C39*Z39 | AB39: =MIN(100,AA39*$D39) | AC39: =AB39
A40: ='2_MechAdd_Script'!A40 | B40: 1Herb_Height | F40: 0.9 | G40: =F40 | H40: =G40 | I40: =H40 | K40: =J40 | L40: =K40 | M40: =L40 | N40: 2 | O40: =N40 | P40: =O40 | Q40: =P40 | R40: 1 | S40: =R40 | T40: =S40 | U40: =T40 | V40: 2.5 | W40: =V40 | X40: =W40 | Y40: =X40 | Z40: 2 | AA40: =Z40 | AB40: =AA40 | AC40: =AB40
A41: ='2_MechAdd_Script'!A41 | B41: 1Herb_Load | C41: 0.25 | D41: 1.5 | E41: 1.5 | F41: 0.1 | G41: =$C41*F41 | H41: =G41*$D41 | I41: =$E41*H41 | K41: =$C41*J41 | L41: =K41*$D41 | M41: =$E41*L41 | N41: 1 | O41: =$C41*N41 | P41: =O41*$D41 | Q41: =$E41*P41 | R41: 0.01 | S41: =$C41*R41 | T41: =S41*$D41 | U41: =$E41*T41 | V41: 0.4 | W41: =$C41*V41 | X41: =W41*$D41 | Y41: =$E41*X41 | Z41: 0.1 | AA41: =$C41*Z41 | AB41: =AA41*$D41 | AC41: =$E41*AB41
A42: ='2_MechAdd_Script'!A42 | B42: 1Herb_Cover | C42: 0.25 | D42: 1.5 | E42: 1.5 | F42: 0.7 | G42: =$C42*F42 | H42: =MIN(100,G42*$D42) | I42: =MIN(100,$E42*H42) | K42: =$C42*J42 | L42: =MIN(100,K42*$D42) | M42: =MIN(100,$E42*L42) | N42: 90 | O42: =$C42*N42 | P42: =MIN(100,O42*$D42) | Q42: =MIN(100,$E42*P42) | R42: 2 | S42: =$C42*R42 | T42: =MIN(100,S42*$D42) | U42: =MIN(100,$E42*T42) | V42: 30 | W42: =$C42*V42 | X42: =MIN(100,W42*$D42) | Y42: =MIN(100,$E42*X42) | Z42: 20 | AA42: =$C42*Z42 | AB42: =MIN(100,AA42*$D42) | AC42: =MIN(100,$E42*AB42)
A43: ='2_MechAdd_Script'!A43 | B43: 1Herb_Live | C43: 0.25 | D43: =1/0.25 | F43: 95 | G43: =$C43*F43 | H43: =MIN(100,G43*$D43) | I43: =H43 | K43: =$C43*J43 | L43: =MIN(100,K43*$D43) | M43: =L43 | N43: 85 | O43: =$C43*N43 | P43: =MIN(100,O43*$D43) | Q43: =P43 | R43: 90 | S43: =$C43*R43 | T43: =MIN(100,S43*$D43) | U43: =T43 | V43: 80 | W43: =$C43*V43 | X43: =MIN(100,W43*$D43) | Y43: =X43 | Z43: 60 | AA43: =$C43*Z43 | AB43: =MIN(100,AA43*$D43) | AC43: =AB43
A44: ='2_MechAdd_Script'!A44 | B44: 2Herb_Height | F44: 0.9 | G44: =F44 | H44: =G44 | I44: =H44 | K44: =J44 | L44: =K44 | M44: =L44 | N44: 1 | O44: =N44 | P44: =O44 | Q44: =P44 | R44: 0.5 | S44: =R44 | T44: =S44 | U44: =T44 | W44: =V44 | X44: =W44 | Y44: =X44 | Z44: 1 | AA44: =Z44 | AB44: =AA44 | AC44: =AB44
A45: ='2_MechAdd_Script'!A45 | B45: 2Herb_Load | C45: 0.25 | D45: 1.5 | E45: 1.5 | F45: 0.1 | G45: =$C45*F45 | H45: =G45*$D45 | I45: =$E45*H45 | K45: =$C45*J45 | L45: =K45*$D45 | M45: =$E45*L45 | N45: 0.01 | O45: =$C45*N45 | P45: =O45*$D45 | Q45: =$E45*P45 | R45: 0.02 | S45: =$C45*R45 | T45: =S45*$D45 | U45: =$E45*T45 | W45: =$C45*V45 | X45: =W45*$D45 | Y45: =$E45*X45 | Z45: 0.1 | AA45: =$C45*Z45 | AB45: =AA45*$D45 | AC45: =$E45*AB45
A46: ='2_MechAdd_Script'!A46 | B46: 2Herb_Cover | C46: 0.25 | D46: 1.5 | E46: 1.5 | F46: 0.2 | G46: =$C46*F46 | H46: =MIN(100,G46*$D46) | I46: =MIN(100,$E46*H46) | K46: =$C46*J46 | L46: =MIN(100,K46*$D46) | M46: =MIN(100,$E46*L46) | N46: 8 | O46: =$C46*N46 | P46: =MIN(100,O46*$D46) | Q46: =MIN(100,$E46*P46) | R46: 5 | S46: =$C46*R46 | T46: =MIN(100,S46*$D46) | U46: =MIN(100,$E46*T46) | W46: =$C46*V46 | X46: =MIN(100,W46*$D46) | Y46: =MIN(100,$E46*X46) | Z46: 20 | AA46: =$C46*Z46 | AB46: =MIN(100,AA46*$D46) | AC46: =MIN(100,$E46*AB46)
A47: ='2_MechAdd_Script'!A47 | B47: 2Herb_Live | C47: 0.25 | D47: =1/0.25 | F47: 85 | G47: =$C47*F47 | H47: =MIN(100,G47*$D47) | I47: =H47 | K47: =$C47*J47 | L47: =MIN(100,K47*$D47) | M47: =L47 | N47: 70 | O47: =$C47*N47 | P47: =MIN(100,O47*$D47) | Q47: =P47 | R47: 90 | S47: =$C47*R47 | T47: =MIN(100,S47*$D47) | U47: =T47 | W47: =$C47*V47 | X47: =MIN(100,W47*$D47) | Y47: =X47 | Z47: 60 | AA47: =$C47*Z47 | AB47: =MIN(100,AA47*$D47) | AC47: =AB47
A48: ='2_MechAdd_Script'!A48 | B48: FineWood_Depth | C48: 2 | D48: 0.75 | E48: 0.5 | F48: 4 | G48: =$C48*F48 | H48: =G48*$D48 | I48: =$E48*H48 | J48: 1 | K48: =$C48*J48 | L48: =K48*$D48 | M48: =$E48*L48 | O48: =$C48*N48 | P48: =O48*$D48 | Q48: =$E48*P48 | R48: 0.5 | S48: =$C48*R48 | T48: =S48*$D48 | U48: =$E48*T48 | V48: 1 | W48: =$C48*V48 | X48: =W48*$D48 | Y48: =$E48*X48 | Z48: 0.5 | AA48: =$C48*Z48 | AB48: =AA48*$D48 | AC48: =$E48*AB48
A49: ='2_MechAdd_Script'!A49 | B49: FineWood_Cover | C49: 2 | D49: 0.75 | E49: 0.5 | F49: 70 | G49: =MIN(100,$C49*F49) | H49: =MIN(100,G49*$D49) | I49: =MIN(100,$E49*H49) | J49: 50 | K49: =MIN(100,$C49*J49) | L49: =MIN(100,K49*$D49) | M49: =MIN(100,$E49*L49) | O49: =MIN(100,$C49*N49) | P49: =MIN(100,O49*$D49) | Q49: =MIN(100,$E49*P49) | R49: 30 | S49: =MIN(100,$C49*R49) | T49: =MIN(100,S49*$D49) | U49: =MIN(100,$E49*T49) | V49: 40 | W49: =MIN(100,$C49*V49) | X49: =MIN(100,W49*$D49) | Y49: =MIN(100,$E49*X49) | Z49: 15 | AA49: =MIN(100,$C49*Z49) | AB49: =MIN(100,AA49*$D49) | AC49: =MIN(100,$E49*AB49)
A50: ='2_MechAdd_Script'!A50 | B50: SWood_100hr | C50: 2 | D50: 0.75 | E50: 0.5 | F50: 2 | G50: =MAX(1.5,$C50*F50) | H50: =G50*$D50 | I50: =$E50*H50 | J50: 1 | K50: =MAX(1.5,$C50*J50) | L50: =K50*$D50 | M50: =$E50*L50 | O50: =MAX(1.5,$C50*N50) | P50: =O50*$D50 | Q50: =$E50*P50 | R50: 0.5 | S50: =MAX(1.5,$C50*R50) | T50: =S50*$D50 | U50: =$E50*T50 | V50: 1 | W50: =MAX(1.5,$C50*V50) | X50: =W50*$D50 | Y50: =$E50*X50 | Z50: 0.3 | AA50: =MAX(1.5,$C50*Z50) | AB50: =AA50*$D50 | AC50: =$E50*AB50
A51: ='2_MechAdd_Script'!A51 | B51: SWood_10hr | C51: 2 | D51: 0.75 | E51: 0.5 | F51: 1.5 | G51: =MAX(3,$C51*F51) | H51: =G51*$D51 | I51: =$E51*H51 | J51: 1 | K51: =MAX(3,$C51*J51) | L51: =K51*$D51 | M51: =$E51*L51 | O51: =MAX(3,$C51*N51) | P51: =O51*$D51 | Q51: =$E51*P51 | R51: 0.2 | S51: =MAX(3,$C51*R51) | T51: =S51*$D51 | U51: =$E51*T51 | V51: 0.5 | W51: =MAX(3,$C51*V51) | X51: =W51*$D51 | Y51: =$E51*X51 | Z51: 0.4 | AA51: =MAX(3,$C51*Z51) | AB51: =AA51*$D51 | AC51: =$E51*AB51
A52: ='2_MechAdd_Script'!A52 | B52: SWood_1hr | C52: 2 | D52: 0.75 | E52: 0.5 | F52: 1 | G52: =MAX(1.5,$C52*F52) | H52: =G52*$D52 | I52: =$E52*H52 | J52: 0.5 | K52: =MAX(1.5,$C52*J52) | L52: =K52*$D52 | M52: =$E52*L52 | O52: =MAX(1.5,$C52*N52) | P52: =O52*$D52 | Q52: =$E52*P52 | R52: 0.1 | S52: =MAX(1.5,$C52*R52) | T52: =S52*$D52 | U52: =$E52*T52 | V52: 0.3 | W52: =MAX(1.5,$C52*V52) | X52: =W52*$D52 | Y52: =$E52*X52 | Z52: 0.02 | AA52: =MAX(1.5,$C52*Z52) | AB52: =AA52*$D52 | AC52: =$E52*AB52
A53: ='2_MechAdd_Script'!A53 | B53: SWood_1000hr | D53: 0.75 | F53: 6 | G53: =F53 | H53: =G53*$D53 | I53: =H53 | J53: 0 | K53: =J53 | L53: =K53*$D53 | M53: =L53 | O53: =N53 | P53: =O53*$D53 | Q53: =P53 | R53: 1 | S53: =R53 | T53: =S53*$D53 | U53: =T53 | V53: 1.2 | W53: =V53 | X53: =W53*$D53 | Y53: =X53 | Z53: 0.5 | AA53: =Z53 | AB53: =AA53*$D53 | AC53: =AB53
A54: ='2_MechAdd_Script'!A54 | B54: SWood_10_000hr | D54: 0.75 | F54: 12 | G54: =F54 | H54: =G54*$D54 | I54: =H54 | J54: 0 | K54: =J54 | L54: =K54*$D54 | M54: =L54 | O54: =N54 | P54: =O54*$D54 | Q54: =P54 | R54: 0 | S54: =R54 | T54: =S54*$D54 | U54: =T54 | V54: 0.5 | W54: =V54 | X54: =W54*$D54 | Y54: =X54 | Z54: 0 | AA54: =Z54 | AB54: =AA54*$D54 | AC54: =AB54
A55: ='2_MechAdd_Script'!A55 | B55: SWood_GT10_000hr | D55: 0.75 | F55: 0 | G55: =F55 | H55: =G55*$D55 | I55: =H55 | J55: 0 | K55: =J55 | L55: =K55*$D55 | M55: =L55 | O55: =N55 | P55: =O55*$D55 | Q55: =P55 | R55: 0 | S55: =R55 | T55: =S55*$D55 | U55: =T55 | V55: 0.5 | W55: =V55 | X55: =W55*$D55 | Y55: =X55 | Z55: 0 | AA55: =Z55 | AB55: =AA55*$D55 | AC55: =AB55
A56: ='2_MechAdd_Script'!A56 | B56: RWood_1000hr | D56: Add 0.25 | E56: Add 0.5 | F56: 5 | G56: =F56 | H56: =(G53*0.25)+G56 | I56: =(H53*0.5)+H56 | K56: =J56 | L56: =(K53*0.25)+K56 | M56: =(L53*0.5)+L56 | O56: =N56 | P56: =(O53*0.25)+O56 | Q56: =(P53*0.5)+P56 | R56: 0.5 | S56: =R56 | T56: =(S53*0.25)+S56 | U56: =(T53*0.5)+T56 | V56: 0.75 | W56: =V56 | X56: =(W53*0.25)+W56 | Y56: =(X53*0.5)+X56 | AA56: =Z56 | AB56: =(AA53*0.25)+AA56 | AC56: =(AB53*0.5)+AB56
A57: ='2_MechAdd_Script'!A57 | B57: RWood_10_000hr | D57: Add 0.25 | E57: Add 0.5 | F57: 11 | G57: =F57 | H57: =(G54*0.25)+G57 | I57: =(H54*0.5)+H57 | K57: =J57 | L57: =(K54*0.25)+K57 | M57: =(L54*0.5)+L57 | O57: =N57 | P57: =(O54*0.25)+O57 | Q57: =(P54*0.5)+P57 | R57: 0 | S57: =R57 | T57: =(S54*0.25)+S57 | U57: =(T54*0.5)+T57 | V57: 0.3 | W57: =V57 | X57: =(W54*0.25)+W57 | Y57: =(X54*0.5)+X57 | AA57: =Z57 | AB57: =(AA54*0.25)+AA57 | AC57: =(AB54*0.5)+AB57
A58: ='2_MechAdd_Script'!A58 | B58: RWood_GT10_000hr | D58: Add 0.25 | E58: Add 0.5 | F58: 0 | G58: =F58 | H58: =(G55*0.25)+G58 | I58: =(H55*0.5)+H58 | K58: =J58 | L58: =(K55*0.25)+K58 | M58: =(L55*0.5)+L58 | O58: =N58 | P58: =(O55*0.25)+O58 | Q58: =(P55*0.5)+P58 | R58: 0 | S58: =R58 | T58: =(S55*0.25)+S58 | U58: =(T55*0.5)+T58 | V58: 0 | W58: =V58 | X58: =(W55*0.25)+W58 | Y58: =(X55*0.5)+X58 | AA58: =Z58 | AB58: =(AA55*0.25)+AA58 | AC58: =(AB55*0.5)+AB58
A59: ='2_MechAdd_Script'!A59 | B59: SStump_Diameter | E59: 0 | F59: 9.6 | G59: =F59 | H59: =G59 | I59: =$E59*H59 | K59: =J59 | L59: =K59 | M59: =$E59*L59 | O59: =N59 | P59: =O59 | Q59: =$E59*P59 | R59: 3.5 | S59: =R59 | T59: =S59 | U59: =$E59*T59 | W59: =V59 | X59: =W59 | Y59: =$E59*X59 | AA59: =Z59 | AB59: =AA59 | AC59: =$E59*AB59
A60: ='2_MechAdd_Script'!A60 | B60: SStump_Height | E60: 0 | F60: 0.4 | G60: =F60 | H60: =G60 | I60: =$E60*H60 | K60: =J60 | L60: =K60 | M60: =$E60*L60 | O60: =N60 | P60: =O60 | Q60: =$E60*P60 | R60: 2 | S60: =R60 | T60: =S60 | U60: =$E60*T60 | W60: =V60 | X60: =W60 | Y60: =$E60*X60 | AA60: =Z60 | AB60: =AA60 | AC60: =$E60*AB60
A61: ='2_MechAdd_Script'!A61 | B61: SStump_Density | C61: Add 0.75 Over Mid Density | E61: 0 | F61: 115 | G61: =F61+(F7*0.75)+(F12*0.75) | H61: =G61 | I61: =$E61*H61 | K61: =J61+(J7*0.75)+(J12*0.75) | L61: =K61 | M61: =$E61*L61 | O61: =N61+(N7*0.75)+(N12*0.75) | P61: =O61 | Q61: =$E61*P61 | R61: 50 | S61: =R61+(R7*0.75)+(R12*0.75) | T61: =S61 | U61: =$E61*T61 | W61: =V61+(V7*0.75)+(V12*0.75) | X61: =W61 | Y61: =$E61*X61 | AA61: =Z61+(Z7*0.75)+(Z12*0.75) | AB61: =AA61 | AC61: =$E61*AB61
A62: ='2_MechAdd_Script'!A62 | B62: RStump_Diameter | F62: 9.6 | G62: =F62 | H62: =G62 | I62: =IF(H62>0,H62,IF(H64+H61=0,0,H59)) | K62: =J62 | L62: =K62 | M62: =IF(L62>0,L62,IF(L64+L61=0,0,L59)) | O62: =N62 | P62: =O62 | Q62: =IF(P62>0,P62,IF(P64+P61=0,0,P59)) | R62: 3.5 | S62: =R62 | T62: =S62 | U62: =IF(T62>0,T62,IF(T64+T61=0,0,T59)) | V62: 10 | W62: =V62 | X62: =W62 | Y62: =IF(X62>0,X62,IF(X64+X61=0,0,X59)) | Z62: 10 | AA62: =Z62 | AB62: =AA62 | AC62: =IF(AB62>0,AB62,IF(AB64+AB61=0,0,AB59))
A63: ='2_MechAdd_Script'!A63 | B63: RStump_Height | F63: 0.4 | G63: =F63 | H63: =G63 | I63: =IF(H63>0,H63,IF(H64+H61=0,0,H60)) | K63: =J63 | L63: =K63 | M63: =IF(L63>0,L63,IF(L64+L61=0,0,L60)) | O63: =N63 | P63: =O63 | Q63: =IF(P63>0,P63,IF(P64+P61=0,0,P60)) | R63: 2 | S63: =R63 | T63: =S63 | U63: =IF(T63>0,T63,IF(T64+T61=0,0,T60)) | V63: 1 | W63: =V63 | X63: =W63 | Y63: =IF(X63>0,X63,IF(X64+X61=0,0,X60)) | Z63: 1 | AA63: =Z63 | AB63: =AA63 | AC63: =IF(AB63>0,AB63,IF(AB64+AB61=0,0,AB60))
A64: ='2_MechAdd_Script'!A64 | B64: RStump_Density | E64: Add S Stump Density | F64: 115 | G64: =F64 | H64: =G64 | I64: =H64+H61 | K64: =J64 | L64: =K64 | M64: =L64+L61 | O64: =N64 | P64: =O64 | Q64: =P64+P61 | R64: 50 | S64: =R64 | T64: =S64 | U64: =T64+T61 | V64: 5 | W64: =V64 | X64: =W64 | Y64: =X64+X61 | Z64: 3 | AA64: =Z64 | AB64: =AA64 | AC64: =AB64+AB61
A65: ='2_MechAdd_Script'!A65 | B65: LStump_Diameter | G65: =F65 | H65: =G65 | I65: =H65 | K65: =J65 | L65: =K65 | M65: =L65 | O65: =N65 | P65: =O65 | Q65: =P65 | S65: =R65 | T65: =S65 | U65: =T65 | W65: =V65 | X65: =W65 | Y65: =X65 | AA65: =Z65 | AB65: =AA65 | AC65: =AB65
A66: ='2_MechAdd_Script'!A66 | B66: LStump_Height | G66: =F66 | H66: =G66 | I66: =H66 | K66: =J66 | L66: =K66 | M66: =L66 | O66: =N66 | P66: =O66 | Q66: =P66 | S66: =R66 | T66: =S66 | U66: =T66 | W66: =V66 | X66: =W66 | Y66: =X66 | AA66: =Z66 | AB66: =AA66 | AC66: =AB66
A67: ='2_MechAdd_Script'!A67 | B67: LStump_Density | G67: =F67 | H67: =G67 | I67: =H67 | K67: =J67 | L67: =K67 | M67: =L67 | O67: =N67 | P67: =O67 | Q67: =P67 | S67: =R67 | T67: =S67 | U67: =T67 | W67: =V67 | X67: =W67 | Y67: =X67 | AA67: =Z67 | AB67: =AA67 | AC67: =AB67
A68: ='2_MechAdd_Script'!A68 | B68: CleanPile_Load | F68: 0.078119 | G68: =F68 | H68: =G68 | I68: =H68 | J68: 0 | K68: =J68 | L68: =K68 | M68: =L68 | N68: 0 | O68: =N68 | P68: =O68 | Q68: =P68 | R68: 0.081811 | S68: =R68 | T68: =S68 | U68: =T68 | V68: 0.135893 | W68: =V68 | X68: =W68 | Y68: =X68 | Z68: 0 | AA68: =Z68 | AB68: =AA68 | AC68: =AB68
A69: ='2_MechAdd_Script'!A69 | B69: DirtyPile_Load | F69: 0 | G69: =F69 | H69: =G69 | I69: =H69 | J69: 0 | K69: =J69 | L69: =K69 | M69: =L69 | N69: 0 | O69: =N69 | P69: =O69 | Q69: =P69 | R69: 0 | S69: =R69 | T69: =S69 | U69: =T69 | V69: 0 | W69: =V69 | X69: =W69 | Y69: =X69 | Z69: 0 | AA69: =Z69 | AB69: =AA69 | AC69: =AB69
A70: ='2_MechAdd_Script'!A70 | B70: VDirtyPile_Load | F70: 0 | G70: =F70 | H70: =G70 | I70: =H70 | J70: 0 | K70: =J70 | L70: =K70 | M70: =L70 | N70: 0 | O70: =N70 | P70: =O70 | Q70: =P70 | R70: 0 | S70: =R70 | T70: =S70 | U70: =T70 | V70: 0 | W70: =V70 | X70: =W70 | Y70: =X70 | Z70: 0 | AA70: =Z70 | AB70: =AA70 | AC70: =AB70
A71: ='2_MechAdd_Script'!A71 | B71: BroadleafLitter_RelCover | G71: =F71 | H71: =G71 | I71: =H71 | K71: =J71 | L71: =K71 | M71: =L71 | O71: =N71 | P71: =O71 | Q71: =P71 | S71: =R71 | T71: =S71 | U71: =T71 | V71: 90 | W71: =V71 | X71: =W71 | Y71: =X71 | AA71: =Z71 | AB71: =AA71 | AC71: =AB71
A72: ='2_MechAdd_Script'!A72 | B72: EvergreenLitter_RelCover | G72: =F72 | H72: =G72 | I72: =H72 | J72: 100 | K72: =J72 | L72: =K72 | M72: =L72 | O72: =N72 | P72: =O72 | Q72: =P72 | S72: =R72 | T72: =S72 | U72: =T72 | W72: =V72 | X72: =W72 | Y72: =X72 | AA72: =Z72 | AB72: =AA72 | AC72: =AB72
A73: ='2_MechAdd_Script'!A73 | B73: GrassLitter_RelCover | G73: =F73 | H73: =G73 | I73: =H73 | K73: =J73 | L73: =K73 | M73: =L73 | N73: 100 | O73: =N73 | P73: =O73 | Q73: =P73 | S73: =R73 | T73: =S73 | U73: =T73 | W73: =V73 | X73: =W73 | Y73: =X73 | AA73: =Z73 | AB73: =AA73 | AC73: =AB73
A74: ='2_MechAdd_Script'!A74 | B74: LongNeedleLitter_RelCover | F74: 50 | G74: =F74 | H74: =G74 | I74: =H74 | K74: =J74 | L74: =K74 | M74: =L74 | O74: =N74 | P74: =O74 | Q74: =P74 | S74: =R74 | T74: =S74 | U74: =T74 | V74: 10 | W74: =V74 | X74: =W74 | Y74: =X74 | Z74: 40 | AA74: =Z74 | AB74: =AA74 | AC74: =AB74
A75: ='2_MechAdd_Script'!A75 | B75: OtherConiferLitter_RelCover | F75: 50 | G75: =F75 | H75: =G75 | I75: =H75 | K75: =J75 | L75: =K75 | M75: =L75 | O75: =N75 | P75: =O75 | Q75: =P75 | R75: 100 | S75: =R75 | T75: =S75 | U75: =T75 | W75: =V75 | X75: =W75 | Y75: =X75 | AA75: =Z75 | AB75: =AA75 | AC75: =AB75
A76: ='2_MechAdd_Script'!A76 | B76: PalmLitter_RelCover | G76: =F76 | H76: =G76 | I76: =H76 | K76: =J76 | L76: =K76 | M76: =L76 | O76: =N76 | P76: =O76 | Q76: =P76 | S76: =R76 | T76: =S76 | U76: =T76 | W76: =V76 | X76: =W76 | Y76: =X76 | Z76: 60 | AA76: =Z76 | AB76: =AA76 | AC76: =AB76
A77: ='2_MechAdd_Script'!A77 | B77: ShortNeedleLitter_RelCover | G77: =F77 | H77: =G77 | I77: =H77 | K77: =J77 | L77: =K77 | M77: =L77 | O77: =N77 | P77: =O77 | Q77: =P77 | S77: =R77 | T77: =S77 | U77: =T77 | W77: =V77 | X77: =W77 | Y77: =X77 | AA77: =Z77 | AB77: =AA77 | AC77: =AB77
A78: ='2_MechAdd_Script'!A78 | B78: Lichen_Depth | G78: =F78 | H78: =G78 | I78: =H78 | K78: =J78 | L78: =K78 | M78: =L78 | O78: =N78 | P78: =O78 | Q78: =P78 | R78: 2 | S78: =R78 | T78: =S78 | U78: =T78 | W78: =V78 | X78: =W78 | Y78: =X78 | AA78: =Z78 | AB78: =AA78 | AC78: =AB78
A79: ='2_MechAdd_Script'!A79 | B79: Lichen_Cover | G79: =F79 | H79: =G79 | I79: =H79 | K79: =J79 | L79: =K79 | M79: =L79 | O79: =N79 | P79: =O79 | Q79: =P79 | R79: 5 | S79: =R79 | T79: =S79 | U79: =T79 | W79: =V79 | X79: =W79 | Y79: =X79 | AA79: =Z79 | AB79: =AA79 | AC79: =AB79
A80: ='2_MechAdd_Script'!A80 | B80: Litter_Depth | C80: 1.75 | F80: 0.2 | G80: =$C80*F80 | H80: =G80 | I80: =H80 | J80: 1 | K80: =$C80*J80 | L80: =K80 | M80: =L80 | N80: 2.5 | O80: =$C80*N80 | P80: =O80 | Q80: =P80 | R80: 1 | S80: =$C80*R80 | T80: =S80 | U80: =T80 | V80: 1.5 | W80: =$C80*V80 | X80: =W80 | Y80: =X80 | Z80: 2 | AA80: =$C80*Z80 | AB80: =AA80 | AC80: =AB80
A81: ='2_MechAdd_Script'!A81 | B81: Litter_Cover | C81: 1.75 | F81: 70 | G81: =MIN(100,$C81*F81) | H81: =G81 | I81: =H81 | J81: 60 | K81: =MIN(100,$C81*J81) | L81: =K81 | M81: =L81 | N81: 5 | O81: =MIN(100,$C81*N81) | P81: =O81 | Q81: =P81 | R81: 15 | S81: =MIN(100,$C81*R81) | T81: =S81 | U81: =T81 | V81: 90 | W81: =MIN(100,$C81*V81) | X81: =W81 | Y81: =X81 | Z81: 70 | AA81: =MIN(100,$C81*Z81) | AB81: =AA81 | AC81: =AB81
A82: ='2_MechAdd_Script'!A82 | B82: Moss_Depth | G82: =F82 | H82: =G82 | I82: =H82 | K82: =J82 | L82: =K82 | M82: =L82 | O82: =N82 | P82: =O82 | Q82: =P82 | R82: 2.5 | S82: =R82 | T82: =S82 | U82: =T82 | V82: 1 | W82: =V82 | X82: =W82 | Y82: =X82 | AA82: =Z82 | AB82: =AA82 | AC82: =AB82
A83: ='2_MechAdd_Script'!A83 | B83: Moss_Cover | G83: =F83 | H83: =G83 | I83: =H83 | K83: =J83 | L83: =K83 | M83: =L83 | O83: =N83 | P83: =O83 | Q83: =P83 | R83: 80 | S83: =R83 | T83: =S83 | U83: =T83 | V83: 5 | W83: =V83 | X83: =W83 | Y83: =X83 | AA83: =Z83 | AB83: =AA83 | AC83: =AB83
A84: ='2_MechAdd_Script'!A84 | B84: LowerDuff_Depth | G84: =F84 | H84: =G84 | I84: =H84 | J84: 0.2 | K84: =J84 | L84: =K84 | M84: =L84 | O84: =N84 | P84: =O84 | Q84: =P84 | R84: 2 | S84: =R84 | T84: =S84 | U84: =T84 | W84: =V84 | X84: =W84 | Y84: =X84 | AA84: =Z84 | AB84: =AA84 | AC84: =AB84
A85: ='2_MechAdd_Script'!A85 | B85: LowerDuff_Cover | G85: =F85 | H85: =G85 | I85: =H85 | J85: 60 | K85: =J85 | L85: =K85 | M85: =L85 | O85: =N85 | P85: =O85 | Q85: =P85 | R85: 90 | S85: =R85 | T85: =S85 | U85: =T85 | W85: =V85 | X85: =W85 | Y85: =X85 | AA85: =Z85 | AB85: =AA85 | AC85: =AB85
A86: ='2_MechAdd_Script'!A86 | B86: UpperDuff_Depth | E86: 1.4 | F86: 0.5 | G86: =F86 | H86: =G86 | I86: =$E86*H86 | J86: 0.4 | K86: =J86 | L86: =K86 | M86: =$E86*L86 | N86: 0.2 | O86: =N86 | P86: =O86 | Q86: =$E86*P86 | R86: 4 | S86: =R86 | T86: =S86 | U86: =$E86*T86 | V86: 1 | W86: =V86 | X86: =W86 | Y86: =$E86*X86 | Z86: 1.5 | AA86: =Z86 | AB86: =AA86 | AC86: =$E86*AB86
A87: ='2_MechAdd_Script'!A87 | B87: UpperDuff_Cover | E87: 1.4 | F87: 70 | G87: =F87 | H87: =G87 | I87: =MIN(100,$E87*H87) | J87: 60 | K87: =J87 | L87: =K87 | M87: =MIN(100,$E87*L87) | N87: 70 | O87: =N87 | P87: =O87 | Q87: =MIN(100,$E87*P87) | R87: 100 | S87: =R87 | T87: =S87 | U87: =MIN(100,$E87*T87) | V87: 90 | W87: =V87 | X87: =W87 | Y87: =MIN(100,$E87*X87) | Z87: 70 | AA87: =Z87 | AB87: =AA87 | AC87: =MIN(100,$E87*AB87)
A88: ='2_MechAdd_Script'!A88 | B88: BasalAccum_Depth | G88: =F88 | H88: =G88 | I88: =H88 | K88: =J88 | L88: =K88 | M88: =L88 | O88: =N88 | P88: =O88 | Q88: =P88 | S88: =R88 | T88: =S88 | U88: =T88 | W88: =V88 | X88: =W88 | Y88: =X88 | AA88: =Z88 | AB88: =AA88 | AC88: =AB88
A89: ='2_MechAdd_Script'!A89 | B89: BasalAccum_Density | G89: =F89 | H89: =G89 | I89: =H89 | K89: =J89 | L89: =K89 | M89: =L89 | O89: =N89 | P89: =O89 | Q89: =P89 | S89: =R89 | T89: =S89 | U89: =T89 | W89: =V89 | X89: =W89 | Y89: =X89 | AA89: =Z89 | AB89: =AA89 | AC89: =AB89
A90: ='2_MechAdd_Script'!A90 | B90: BasalAccum_Radius | G90: =F90 | H90: =G90 | I90: =H90 | K90: =J90 | L90: =K90 | M90: =L90 | O90: =N90 | P90: =O90 | Q90: =P90 | S90: =R90 | T90: =S90 | U90: =T90 | W90: =V90 | X90: =W90 | Y90: =X90 | AA90: =Z90 | AB90: =AA90 | AC90: =AB90
A91: ='2_MechAdd_Script'!A91 | B91: SquirrelMid_Depth | G91: =F91 | H91: =G91 | I91: =H91 | K91: =J91 | L91: =K91 | M91: =L91 | O91: =N91 | P91: =O91 | Q91: =P91 | R91: 18 | S91: =R91 | T91: =S91 | U91: =T91 | W91: =V91 | X91: =W91 | Y91: =X91 | AA91: =Z91 | AB91: =AA91 | AC91: =AB91
A92: ='2_MechAdd_Script'!A92 | B92: SquirrelMid_Density | G92: =F92 | H92: =G92 | I92: =H92 | K92: =J92 | L92: =K92 | M92: =L92 | O92: =N92 | P92: =O92 | Q92: =P92 | R92: 1 | S92: =R92 | T92: =S92 | U92: =T92 | W92: =V92 | X92: =W92 | Y92: =X92 | AA92: =Z92 | AB92: =AA92 | AC92: =AB92
A93: ='2_MechAdd_Script'!A93 | B93: SquirrelMid_Radius | G93: =F93 | H93: =G93 | I93: =H93 | K93: =J93 | L93: =K93 | M93: =L93 | O93: =N93 | P93: =O93 | Q93: =P93 | R93: 5 | S93: =R93 | T93: =S93 | U93: =T93 | W93: =V93 | X93: =W93 | Y93: =X93 | AA93: =Z93 | AB93: =AA93 | AC93: =AB93

Sheet Expected
A1: Variable | B1: FB_0029_FCCS | C1: FB_0029_FCCS_111 | D1: FB_0029_FCCS_112 | E1: FB_0029_FCCS_113 | F1: FB_0029_FCCS_121 | G1: FB_0029_FCCS_122 | H1: FB_0029_FCCS_123 | I1: FB_0029_FCCS_131 | J1: FB_0029_FCCS_132 | K1: FB_0029_FCCS_133 | L1: FB_0046_FCCS | M1: FB_0046_FCCS_111 | N1: FB_0046_FCCS_112 | O1: FB_0046_FCCS_113 | P1: FB_0046_FCCS_121 | Q1: FB_0046_FCCS_122 | R1: FB_0046_FCCS_123 | S1: FB_0046_FCCS_131 | T1: FB_0046_FCCS_132 | U1: FB_0046_FCCS_133 | V1: FB_0066_FCCS | W1: FB_0066_FCCS_111 | X1: FB_0066_FCCS_112 | Y1: FB_0066_FCCS_113 | Z1: FB_0066_FCCS_121 | AA1: FB_0066_FCCS_122 | AB1: FB_0066_FCCS_123 | AC1: FB_0066_FCCS_131 | AD1: FB_0066_FCCS_132 | AE1: FB_0066_FCCS_133 | AF1: FB_0087_FCCS | AG1: FB_0087_FCCS_111 | AH1: FB_0087_FCCS_112 | AI1: FB_0087_FCCS_113 | AJ1: FB_0087_FCCS_121 | AK1: FB_0087_FCCS_122 | AL1: FB_0087_FCCS_123 | AM1: FB_0087_FCCS_131 | AN1: FB_0087_FCCS_132 | AO1: FB_0087_FCCS_133 | AP1: FB_0109_FCCS | AQ1: FB_0109_FCCS_111 | AR1: FB_0109_FCCS_112 | AS1: FB_0109_FCCS_113 | AT1: FB_0109_FCCS_121 | AU1: FB_0109_FCCS_122 | AV1: FB_0109_FCCS_123 | AW1: FB_0109_FCCS_131 | AX1: FB_0109_FCCS_132 | AY1: FB_0109_FCCS_133 | AZ1: FB_0291_FCCS | BA1: FB_0291_FCCS_111 | BB1: FB_0291_FCCS_112 | BC1: FB_0291_FCCS_113 | BD1: FB_0291_FCCS_121 | BE1: FB_0291_FCCS_122 | BF1: FB_0291_FCCS_123 | BG1: FB_0291_FCCS_131 | BH1: FB_0291_FCCS_132 | BI1: FB_0291_FCCS_133
A2: ='2_MechAdd_Script'!A2 | B2: ='2_MechAdd_LowSeverity'!F2 | C2: ='2_MechAdd_LowSeverity'!G2 | D2: ='2_MechAdd_LowSeverity'!H2 | E2: ='2_MechAdd_LowSeverity'!I2 | F2: ='2_MechAdd_ModSeverity'!G2 | G2: ='2_MechAdd_ModSeverity'!H2 | H2: ='2_MechAdd_ModSeverity'!I2 | I2: ='2_MechAdd_HighSeverity'!G2 | J2: ='2_MechAdd_HighSeverity'!H2 | K2: ='2_MechAdd_HighSeverity'!I2 | L2: ='2_MechAdd_LowSeverity'!J2 | M2: ='2_MechAdd_LowSeverity'!K2 | N2: ='2_MechAdd_LowSeverity'!L2 | O2: ='2_MechAdd_LowSeverity'!M2 | P2: ='2_MechAdd_ModSeverity'!K2 | Q2: ='2_MechAdd_ModSeverity'!L2 | R2: ='2_MechAdd_ModSeverity'!M2 | S2: ='2_MechAdd_HighSeverity'!K2 | T2: ='2_MechAdd_HighSeverity'!L2 | U2: ='2_MechAdd_HighSeverity'!M2 | V2: ='2_MechAdd_LowSeverity'!N2 | W2: ='2_MechAdd_LowSeverity'!O2 | X2: ='2_MechAdd_LowSeverity'!P2 | Y2: ='2_MechAdd_LowSeverity'!Q2 | Z2: ='2_MechAdd_ModSeverity'!O2 | AA2: ='2_MechAdd_ModSeverity'!P2 | AB2: ='2_MechAdd_ModSeverity'!Q2 | AC2: ='2_MechAdd_HighSeverity'!O2 | AD2: ='2_MechAdd_HighSeverity'!P2 | AE2: ='2_MechAdd_HighSeverity'!Q2 | AF2: ='2_MechAdd_LowSeverity'!R2 | AG2: ='2_MechAdd_LowSeverity'!S2 | AH2: ='2_MechAdd_LowSeverity'!T2 | AI2: ='2_MechAdd_LowSeverity'!U2 | AJ2: ='2_MechAdd_ModSeverity'!S2 | AK2: ='2_MechAdd_ModSeverity'!T2 | AL2: ='2_MechAdd_ModSeverity'!U2 | AM2: ='2_MechAdd_HighSeverity'!S2 | AN2: ='2_MechAdd_HighSeverity'!T2 | AO2: ='2_MechAdd_HighSeverity'!U2 | AP2: ='2_MechAdd_LowSeverity'!V2 | AQ2: ='2_MechAdd_LowSeverity'!W2 | AR2: ='2_MechAdd_LowSeverity'!X2 | AS2: ='2_MechAdd_LowSeverity'!Y2 | AT2: ='2_MechAdd_ModSeverity'!W2 | AU2: ='2_MechAdd_ModSeverity'!X2 | AV2: ='2_MechAdd_ModSeverity'!Y2 | AW2: ='2_MechAdd_HighSeverity'!W2 | AX2: ='2_MechAdd_HighSeverity'!X2 | AY2: ='2_MechAdd_HighSeverity'!Y2 | AZ2: ='2_MechAdd_LowSeverity'!Z2 | BA2: ='2_MechAdd_LowSeverity'!AA2 | BB2: ='2_MechAdd_LowSeverity'!AB2 | BC2: ='2_MechAdd_LowSeverity'!AC2 | BD2: ='2_MechAdd_ModSeverity'!AA2 | BE2: ='2_MechAdd_ModSeverity'!AB2 | BF2: ='2_MechAdd_ModSeverity'!AC2 | BG2: ='2_MechAdd_HighSeverity'!AA2 | BH2: ='2_MechAdd_HighSeverity'!AB2 | BI2: ='2_MechAdd_HighSeverity'!AC2
A3: ='2_MechAdd_Script'!A3 | B3: ='2_MechAdd_LowSeverity'!F3 | C3: ='2_MechAdd_LowSeverity'!G3 | D3: ='2_MechAdd_LowSeverity'!H3 | E3: ='2_MechAdd_LowSeverity'!I3 | F3: ='2_MechAdd_ModSeverity'!G3 | G3: ='2_MechAdd_ModSeverity'!H3 | H3: ='2_MechAdd_ModSeverity'!I3 | I3: ='2_MechAdd_HighSeverity'!G3 | J3: ='2_MechAdd_HighSeverity'!H3 | K3: ='2_MechAdd_HighSeverity'!I3 | L3: ='2_MechAdd_LowSeverity'!J3 | M3: ='2_MechAdd_LowSeverity'!K3 | N3: ='2_MechAdd_LowSeverity'!L3 | O3: ='2_MechAdd_LowSeverity'!M3 | P3: ='2_MechAdd_ModSeverity'!K3 | Q3: ='2_MechAdd_ModSeverity'!L3 | R3: ='2_MechAdd_ModSeverity'!M3 | S3: ='2_MechAdd_HighSeverity'!K3 | T3: ='2_MechAdd_HighSeverity'!L3 | U3: ='2_MechAdd_HighSeverity'!M3 | V3: ='2_MechAdd_LowSeverity'!N3 | W3: ='2_MechAdd_LowSeverity'!O3 | X3: ='2_MechAdd_LowSeverity'!P3 | Y3: ='2_MechAdd_LowSeverity'!Q3 | Z3: ='2_MechAdd_ModSeverity'!O3 | AA3: ='2_MechAdd_ModSeverity'!P3 | AB3: ='2_MechAdd_ModSeverity'!Q3 | AC3: ='2_MechAdd_HighSeverity'!O3 | AD3: ='2_MechAdd_HighSeverity'!P3 | AE3: ='2_MechAdd_HighSeverity'!Q3 | AF3: ='2_MechAdd_LowSeverity'!R3 | AG3: ='2_MechAdd_LowSeverity'!S3 | AH3: ='2_MechAdd_LowSeverity'!T3 | AI3: ='2_MechAdd_LowSeverity'!U3 | AJ3: ='2_MechAdd_ModSeverity'!S3 | AK3: ='2_MechAdd_ModSeverity'!T3 | AL3: ='2_MechAdd_ModSeverity'!U3 | AM3: ='2_MechAdd_HighSeverity'!S3 | AN3: ='2_MechAdd_HighSeverity'!T3 | AO3: ='2_MechAdd_HighSeverity'!U3 | AP3: ='2_MechAdd_LowSeverity'!V3 | AQ3: ='2_MechAdd_LowSeverity'!W3 | AR3: ='2_MechAdd_LowSeverity'!X3 | AS3: ='2_MechAdd_LowSeverity'!Y3 | AT3: ='2_MechAdd_ModSeverity'!W3 | AU3: ='2_MechAdd_ModSeverity'!X3 | AV3: ='2_MechAdd_ModSeverity'!Y3 | AW3: ='2_MechAdd_HighSeverity'!W3 | AX3: ='2_MechAdd_HighSeverity'!X3 | AY3: ='2_MechAdd_HighSeverity'!Y3 | AZ3: ='2_MechAdd_LowSeverity'!Z3 | BA3: ='2_MechAdd_LowSeverity'!AA3 | BB3: ='2_MechAdd_LowSeverity'!AB3 | BC3: ='2_MechAdd_LowSeverity'!AC3 | BD3: ='2_MechAdd_ModSeverity'!AA3 | BE3: ='2_MechAdd_ModSeverity'!AB3 | BF3: ='2_MechAdd_ModSeverity'!AC3 | BG3: ='2_MechAdd_HighSeverity'!AA3 | BH3: ='2_MechAdd_HighSeverity'!AB3 | BI3: ='2_MechAdd_HighSeverity'!AC3
A4: ='2_MechAdd_Script'!A4 | B4: ='2_MechAdd_LowSeverity'!F4 | C4: ='2_MechAdd_LowSeverity'!G4 | D4: ='2_MechAdd_LowSeverity'!H4 | E4: ='2_MechAdd_LowSeverity'!I4 | F4: ='2_MechAdd_ModSeverity'!G4 | G4: ='2_MechAdd_ModSeverity'!H4 | H4: ='2_MechAdd_ModSeverity'!I4 | I4: ='2_MechAdd_HighSeverity'!G4 | J4: ='2_MechAdd_HighSeverity'!H4 | K4: ='2_MechAdd_HighSeverity'!I4 | L4: ='2_MechAdd_LowSeverity'!J4 | M4: ='2_MechAdd_LowSeverity'!K4 | N4: ='2_MechAdd_LowSeverity'!L4 | O4: ='2_MechAdd_LowSeverity'!M4 | P4: ='2_MechAdd_ModSeverity'!K4 | Q4: ='2_MechAdd_ModSeverity'!L4 | R4: ='2_MechAdd_ModSeverity'!M4 | S4: ='2_MechAdd_HighSeverity'!K4 | T4: ='2_MechAdd_HighSeverity'!L4 | U4: ='2_MechAdd_HighSeverity'!M4 | V4: ='2_MechAdd_LowSeverity'!N4 | W4: ='2_MechAdd_LowSeverity'!O4 | X4: ='2_MechAdd_LowSeverity'!P4 | Y4: ='2_MechAdd_LowSeverity'!Q4 | Z4: ='2_MechAdd_ModSeverity'!O4 | AA4: ='2_MechAdd_ModSeverity'!P4 | AB4: ='2_MechAdd_ModSeverity'!Q4 | AC4: ='2_MechAdd_HighSeverity'!O4 | AD4: ='2_MechAdd_HighSeverity'!P4 | AE4: ='2_MechAdd_HighSeverity'!Q4 | AF4: ='2_MechAdd_LowSeverity'!R4 | AG4: ='2_MechAdd_LowSeverity'!S4 | AH4: ='2_MechAdd_LowSeverity'!T4 | AI4: ='2_MechAdd_LowSeverity'!U4 | AJ4: ='2_MechAdd_ModSeverity'!S4 | AK4: ='2_MechAdd_ModSeverity'!T4 | AL4: ='2_MechAdd_ModSeverity'!U4 | AM4: ='2_MechAdd_HighSeverity'!S4 | AN4: ='2_MechAdd_HighSeverity'!T4 | AO4: ='2_MechAdd_HighSeverity'!U4 | AP4: ='2_MechAdd_LowSeverity'!V4 | AQ4: ='2_MechAdd_LowSeverity'!W4 | AR4: ='2_MechAdd_LowSeverity'!X4 | AS4: ='2_MechAdd_LowSeverity'!Y4 | AT4: ='2_MechAdd_ModSeverity'!W4 | AU4: ='2_MechAdd_ModSeverity'!X4 | AV4: ='2_MechAdd_ModSeverity'!Y4 | AW4: ='2_MechAdd_HighSeverity'!W4 | AX4: ='2_MechAdd_HighSeverity'!X4 | AY4: ='2_MechAdd_HighSeverity'!Y4 | AZ4: ='2_MechAdd_LowSeverity'!Z4 | BA4: ='2_MechAdd_LowSeverity'!AA4 | BB4: ='2_MechAdd_LowSeverity'!AB4 | BC4: ='2_MechAdd_LowSeverity'!AC4 | BD4: ='2_MechAdd_ModSeverity'!AA4 | BE4: ='2_MechAdd_ModSeverity'!AB4 | BF4: ='2_MechAdd_ModSeverity'!AC4 | BG4: ='2_MechAdd_HighSeverity'!AA4 | BH4: ='2_MechAdd_HighSeverity'!AB4 | BI4: ='2_MechAdd_HighSeverity'!AC4
A5: ='2_MechAdd_Script'!A5 | B5: ='2_MechAdd_LowSeverity'!F5 | C5: ='2_MechAdd_LowSeverity'!G5 | D5: ='2_MechAdd_LowSeverity'!H5 | E5: ='2_MechAdd_LowSeverity'!I5 | F5: ='2_MechAdd_ModSeverity'!G5 | G5: ='2_MechAdd_ModSeverity'!H5 | H5: ='2_MechAdd_ModSeverity'!I5 | I5: ='2_MechAdd_HighSeverity'!G5 | J5: ='2_MechAdd_HighSeverity'!H5 | K5: ='2_MechAdd_HighSeverity'!I5 | L5: ='2_MechAdd_LowSeverity'!J5 | M5: ='2_MechAdd_LowSeverity'!K5 | N5: ='2_MechAdd_LowSeverity'!L5 | O5: ='2_MechAdd_LowSeverity'!M5 | P5: ='2_MechAdd_ModSeverity'!K5 | Q5: ='2_MechAdd_ModSeverity'!L5 | R5: ='2_MechAdd_ModSeverity'!M5 | S5: ='2_MechAdd_HighSeverity'!K5 | T5: ='2_MechAdd_HighSeverity'!L5 | U5: ='2_MechAdd_HighSeverity'!M5 | V5: ='2_MechAdd_LowSeverity'!N5 | W5: ='2_MechAdd_LowSeverity'!O5 | X5: ='2_MechAdd_LowSeverity'!P5 | Y5: ='2_MechAdd_LowSeverity'!Q5 | Z5: ='2_MechAdd_ModSeverity'!O5 | AA5: ='2_MechAdd_ModSeverity'!P5 | AB5: ='2_MechAdd_ModSeverity'!Q5 | AC5: ='2_MechAdd_HighSeverity'!O5 | AD5: ='2_MechAdd_HighSeverity'!P5 | AE5: ='2_MechAdd_HighSeverity'!Q5 | AF5: ='2_MechAdd_LowSeverity'!R5 | AG5: ='2_MechAdd_LowSeverity'!S5 | AH5: ='2_MechAdd_LowSeverity'!T5 | AI5: ='2_MechAdd_LowSeverity'!U5 | AJ5: ='2_MechAdd_ModSeverity'!S5 | AK5: ='2_MechAdd_ModSeverity'!T5 | AL5: ='2_MechAdd_ModSeverity'!U5 | AM5: ='2_MechAdd_HighSeverity'!S5 | AN5: ='2_MechAdd_HighSeverity'!T5 | AO5: ='2_MechAdd_HighSeverity'!U5 | AP5: ='2_MechAdd_LowSeverity'!V5 | AQ5: ='2_MechAdd_LowSeverity'!W5 | AR5: ='2_MechAdd_LowSeverity'!X5 | AS5: ='2_MechAdd_LowSeverity'!Y5 | AT5: ='2_MechAdd_ModSeverity'!W5 | AU5: ='2_MechAdd_ModSeverity'!X5 | AV5: ='2_MechAdd_ModSeverity'!Y5 | AW5: ='2_MechAdd_HighSeverity'!W5 | AX5: ='2_MechAdd_HighSeverity'!X5 | AY5: ='2_MechAdd_HighSeverity'!Y5 | AZ5: ='2_MechAdd_LowSeverity'!Z5 | BA5: ='2_MechAdd_LowSeverity'!AA5 | BB5: ='2_MechAdd_LowSeverity'!AB5 | BC5: ='2_MechAdd_LowSeverity'!AC5 | BD5: ='2_MechAdd_ModSeverity'!AA5 | BE5: ='2_MechAdd_ModSeverity'!AB5 | BF5: ='2_MechAdd_ModSeverity'!AC5 | BG5: ='2_MechAdd_HighSeverity'!AA5 | BH5: ='2_MechAdd_HighSeverity'!AB5 | BI5: ='2_MechAdd_HighSeverity'!AC5
A6: ='2_MechAdd_Script'!A6 | B6: ='2_MechAdd_LowSeverity'!F6 | C6: ='2_MechAdd_LowSeverity'!G6 | D6: ='2_MechAdd_LowSeverity'!H6 | E6: ='2_MechAdd_LowSeverity'!I6 | F6: ='2_MechAdd_ModSeverity'!G6 | G6: ='2_MechAdd_ModSeverity'!H6 | H6: ='2_MechAdd_ModSeverity'!I6 | I6: ='2_MechAdd_HighSeverity'!G6 | J6: ='2_MechAdd_HighSeverity'!H6 | K6: ='2_MechAdd_HighSeverity'!I6 | L6: ='2_MechAdd_LowSeverity'!J6 | M6: ='2_MechAdd_LowSeverity'!K6 | N6: ='2_MechAdd_LowSeverity'!L6 | O6: ='2_MechAdd_LowSeverity'!M6 | P6: ='2_MechAdd_ModSeverity'!K6 | Q6: ='2_MechAdd_ModSeverity'!L6 | R6: ='2_MechAdd_ModSeverity'!M6 | S6: ='2_MechAdd_HighSeverity'!K6 | T6: ='2_MechAdd_HighSeverity'!L6 | U6: ='2_MechAdd_HighSeverity'!M6 | V6: ='2_MechAdd_LowSeverity'!N6 | W6: ='2_MechAdd_LowSeverity'!O6 | X6: ='2_MechAdd_LowSeverity'!P6 | Y6: ='2_MechAdd_LowSeverity'!Q6 | Z6: ='2_MechAdd_ModSeverity'!O6 | AA6: ='2_MechAdd_ModSeverity'!P6 | AB6: ='2_MechAdd_ModSeverity'!Q6 | AC6: ='2_MechAdd_HighSeverity'!O6 | AD6: ='2_MechAdd_HighSeverity'!P6 | AE6: ='2_MechAdd_HighSeverity'!Q6 | AF6: ='2_MechAdd_LowSeverity'!R6 | AG6: ='2_MechAdd_LowSeverity'!S6 | AH6: ='2_MechAdd_LowSeverity'!T6 | AI6: ='2_MechAdd_LowSeverity'!U6 | AJ6: ='2_MechAdd_ModSeverity'!S6 | AK6: ='2_MechAdd_ModSeverity'!T6 | AL6: ='2_MechAdd_ModSeverity'!U6 | AM6: ='2_MechAdd_HighSeverity'!S6 | AN6: ='2_MechAdd_HighSeverity'!T6 | AO6: ='2_MechAdd_HighSeverity'!U6 | AP6: ='2_MechAdd_LowSeverity'!V6 | AQ6: ='2_MechAdd_LowSeverity'!W6 | AR6: ='2_MechAdd_LowSeverity'!X6 | AS6: ='2_MechAdd_LowSeverity'!Y6 | AT6: ='2_MechAdd_ModSeverity'!W6 | AU6: ='2_MechAdd_ModSeverity'!X6 | AV6: ='2_MechAdd_ModSeverity'!Y6 | AW6: ='2_MechAdd_HighSeverity'!W6 | AX6: ='2_MechAdd_HighSeverity'!X6 | AY6: ='2_MechAdd_HighSeverity'!Y6 | AZ6: ='2_MechAdd_LowSeverity'!Z6 | BA6: ='2_MechAdd_LowSeverity'!AA6 | BB6: ='2_MechAdd_LowSeverity'!AB6 | BC6: ='2_MechAdd_LowSeverity'!AC6 | BD6: ='2_MechAdd_ModSeverity'!AA6 | BE6: ='2_MechAdd_ModSeverity'!AB6 | BF6: ='2_MechAdd_ModSeverity'!AC6 | BG6: ='2_MechAdd_HighSeverity'!AA6 | BH6: ='2_MechAdd_HighSeverity'!AB6 | BI6: ='2_MechAdd_HighSeverity'!AC6
A7: ='2_MechAdd_Script'!A7 | B7: ='2_MechAdd_LowSeverity'!F7 | C7: ='2_MechAdd_LowSeverity'!G7 | D7: ='2_MechAdd_LowSeverity'!H7 | E7: ='2_MechAdd_LowSeverity'!I7 | F7: ='2_MechAdd_ModSeverity'!G7 | G7: ='2_MechAdd_ModSeverity'!H7 | H7: ='2_MechAdd_ModSeverity'!I7 | I7: ='2_MechAdd_HighSeverity'!G7 | J7: ='2_MechAdd_HighSeverity'!H7 | K7: ='2_MechAdd_HighSeverity'!I7 | L7: ='2_MechAdd_LowSeverity'!J7 | M7: ='2_MechAdd_LowSeverity'!K7 | N7: ='2_MechAdd_LowSeverity'!L7 | O7: ='2_MechAdd_LowSeverity'!M7 | P7: ='2_MechAdd_ModSeverity'!K7 | Q7: ='2_MechAdd_ModSeverity'!L7 | R7: ='2_MechAdd_ModSeverity'!M7 | S7: ='2_MechAdd_HighSeverity'!K7 | T7: ='2_MechAdd_HighSeverity'!L7 | U7: ='2_MechAdd_HighSeverity'!M7 | V7: ='2_MechAdd_LowSeverity'!N7 | W7: ='2_MechAdd_LowSeverity'!O7 | X7: ='2_MechAdd_LowSeverity'!P7 | Y7: ='2_MechAdd_LowSeverity'!Q7 | Z7: ='2_MechAdd_ModSeverity'!O7 | AA7: ='2_MechAdd_ModSeverity'!P7 | AB7: ='2_MechAdd_ModSeverity'!Q7 | AC7: ='2_MechAdd_HighSeverity'!O7 | AD7: ='2_MechAdd_HighSeverity'!P7 | AE7: ='2_MechAdd_HighSeverity'!Q7 | AF7: ='2_MechAdd_LowSeverity'!R7 | AG7: ='2_MechAdd_LowSeverity'!S7 | AH7: ='2_MechAdd_LowSeverity'!T7 | AI7: ='2_MechAdd_LowSeverity'!U7 | AJ7: ='2_MechAdd_ModSeverity'!S7 | AK7: ='2_MechAdd_ModSeverity'!T7 | AL7: ='2_MechAdd_ModSeverity'!U7 | AM7: ='2_MechAdd_HighSeverity'!S7 | AN7: ='2_MechAdd_HighSeverity'!T7 | AO7: ='2_MechAdd_HighSeverity'!U7 | AP7: ='2_MechAdd_LowSeverity'!V7 | AQ7: ='2_MechAdd_LowSeverity'!W7 | AR7: ='2_MechAdd_LowSeverity'!X7 | AS7: ='2_MechAdd_LowSeverity'!Y7 | AT7: ='2_MechAdd_ModSeverity'!W7 | AU7: ='2_MechAdd_ModSeverity'!X7 | AV7: ='2_MechAdd_ModSeverity'!Y7 | AW7: ='2_MechAdd_HighSeverity'!W7 | AX7: ='2_MechAdd_HighSeverity'!X7 | AY7: ='2_MechAdd_HighSeverity'!Y7 | AZ7: ='2_MechAdd_LowSeverity'!Z7 | BA7: ='2_MechAdd_LowSeverity'!AA7 | BB7: ='2_MechAdd_LowSeverity'!AB7 | BC7: ='2_MechAdd_LowSeverity'!AC7 | BD7: ='2_MechAdd_ModSeverity'!AA7 | BE7: ='2_MechAdd_ModSeverity'!AB7 | BF7: ='2_MechAdd_ModSeverity'!AC7 | BG7: ='2_MechAdd_HighSeverity'!AA7 | BH7: ='2_MechAdd_HighSeverity'!AB7 | BI7: ='2_MechAdd_HighSeverity'!AC7
A8: ='2_MechAdd_Script'!A8 | B8: ='2_MechAdd_LowSeverity'!F8 | C8: ='2_MechAdd_LowSeverity'!G8 | D8: ='2_MechAdd_LowSeverity'!H8 | E8: ='2_MechAdd_LowSeverity'!I8 | F8: ='2_MechAdd_ModSeverity'!G8 | G8: ='2_MechAdd_ModSeverity'!H8 | H8: ='2_MechAdd_ModSeverity'!I8 | I8: ='2_MechAdd_HighSeverity'!G8 | J8: ='2_MechAdd_HighSeverity'!H8 | K8: ='2_MechAdd_HighSeverity'!I8 | L8: ='2_MechAdd_LowSeverity'!J8 | M8: ='2_MechAdd_LowSeverity'!K8 | N8: ='2_MechAdd_LowSeverity'!L8 | O8: ='2_MechAdd_LowSeverity'!M8 | P8: ='2_MechAdd_ModSeverity'!K8 | Q8: ='2_MechAdd_ModSeverity'!L8 | R8: ='2_MechAdd_ModSeverity'!M8 | S8: ='2_MechAdd_HighSeverity'!K8 | T8: ='2_MechAdd_HighSeverity'!L8 | U8: ='2_MechAdd_HighSeverity'!M8 | V8: ='2_MechAdd_LowSeverity'!N8 | W8: ='2_MechAdd_LowSeverity'!O8 | X8: ='2_MechAdd_LowSeverity'!P8 | Y8: ='2_MechAdd_LowSeverity'!Q8 | Z8: ='2_MechAdd_ModSeverity'!O8 | AA8: ='2_MechAdd_ModSeverity'!P8 | AB8: ='2_MechAdd_ModSeverity'!Q8 | AC8: ='2_MechAdd_HighSeverity'!O8 | AD8: ='2_MechAdd_HighSeverity'!P8 | AE8: ='2_MechAdd_HighSeverity'!Q8 | AF8: ='2_MechAdd_LowSeverity'!R8 | AG8: ='2_MechAdd_LowSeverity'!S8 | AH8: ='2_MechAdd_LowSeverity'!T8 | AI8: ='2_MechAdd_LowSeverity'!U8 | AJ8: ='2_MechAdd_ModSeverity'!S8 | AK8: ='2_MechAdd_ModSeverity'!T8 | AL8: ='2_MechAdd_ModSeverity'!U8 | AM8: ='2_MechAdd_HighSeverity'!S8 | AN8: ='2_MechAdd_HighSeverity'!T8 | AO8: ='2_MechAdd_HighSeverity'!U8 | AP8: ='2_MechAdd_LowSeverity'!V8 | AQ8: ='2_MechAdd_LowSeverity'!W8 | AR8: ='2_MechAdd_LowSeverity'!X8 | AS8: ='2_MechAdd_LowSeverity'!Y8 | AT8: ='2_MechAdd_ModSeverity'!W8 | AU8: ='2_MechAdd_ModSeverity'!X8 | AV8: ='2_MechAdd_ModSeverity'!Y8 | AW8: ='2_MechAdd_HighSeverity'!W8 | AX8: ='2_MechAdd_HighSeverity'!X8 | AY8: ='2_MechAdd_HighSeverity'!Y8 | AZ8: ='2_MechAdd_LowSeverity'!Z8 | BA8: ='2_MechAdd_LowSeverity'!AA8 | BB8: ='2_MechAdd_LowSeverity'!AB8 | BC8: ='2_MechAdd_LowSeverity'!AC8 | BD8: ='2_MechAdd_ModSeverity'!AA8 | BE8: ='2_MechAdd_ModSeverity'!AB8 | BF8: ='2_MechAdd_ModSeverity'!AC8 | BG8: ='2_MechAdd_HighSeverity'!AA8 | BH8: ='2_MechAdd_HighSeverity'!AB8 | BI8: ='2_MechAdd_HighSeverity'!AC8
A9: ='2_MechAdd_Script'!A9 | B9: ='2_MechAdd_LowSeverity'!F9 | C9: ='2_MechAdd_LowSeverity'!G9 | D9: ='2_MechAdd_LowSeverity'!H9 | E9: ='2_MechAdd_LowSeverity'!I9 | F9: ='2_MechAdd_ModSeverity'!G9 | G9: ='2_MechAdd_ModSeverity'!H9 | H9: ='2_MechAdd_ModSeverity'!I9 | I9: ='2_MechAdd_HighSeverity'!G9 | J9: ='2_MechAdd_HighSeverity'!H9 | K9: ='2_MechAdd_HighSeverity'!I9 | L9: ='2_MechAdd_LowSeverity'!J9 | M9: ='2_MechAdd_LowSeverity'!K9 | N9: ='2_MechAdd_LowSeverity'!L9 | O9: ='2_MechAdd_LowSeverity'!M9 | P9: ='2_MechAdd_ModSeverity'!K9 | Q9: ='2_MechAdd_ModSeverity'!L9 | R9: ='2_MechAdd_ModSeverity'!M9 | S9: ='2_MechAdd_HighSeverity'!K9 | T9: ='2_MechAdd_HighSeverity'!L9 | U9: ='2_MechAdd_HighSeverity'!M9 | V9: ='2_MechAdd_LowSeverity'!N9 | W9: ='2_MechAdd_LowSeverity'!O9 | X9: ='2_MechAdd_LowSeverity'!P9 | Y9: ='2_MechAdd_LowSeverity'!Q9 | Z9: ='2_MechAdd_ModSeverity'!O9 | AA9: ='2_MechAdd_ModSeverity'!P9 | AB9: ='2_MechAdd_ModSeverity'!Q9 | AC9: ='2_MechAdd_HighSeverity'!O9 | AD9: ='2_MechAdd_HighSeverity'!P9 | AE9: ='2_MechAdd_HighSeverity'!Q9 | AF9: ='2_MechAdd_LowSeverity'!R9 | AG9: ='2_MechAdd_LowSeverity'!S9 | AH9: ='2_MechAdd_LowSeverity'!T9 | AI9: ='2_MechAdd_LowSeverity'!U9 | AJ9: ='2_MechAdd_ModSeverity'!S9 | AK9: ='2_MechAdd_ModSeverity'!T9 | AL9: ='2_MechAdd_ModSeverity'!U9 | AM9: ='2_MechAdd_HighSeverity'!S9 | AN9: ='2_MechAdd_HighSeverity'!T9 | AO9: ='2_MechAdd_HighSeverity'!U9 | AP9: ='2_MechAdd_LowSeverity'!V9 | AQ9: ='2_MechAdd_LowSeverity'!W9 | AR9: ='2_MechAdd_LowSeverity'!X9 | AS9: ='2_MechAdd_LowSeverity'!Y9 | AT9: ='2_MechAdd_ModSeverity'!W9 | AU9: ='2_MechAdd_ModSeverity'!X9 | AV9: ='2_MechAdd_ModSeverity'!Y9 | AW9: ='2_MechAdd_HighSeverity'!W9 | AX9: ='2_MechAdd_HighSeverity'!X9 | AY9: ='2_MechAdd_HighSeverity'!Y9 | AZ9: ='2_MechAdd_LowSeverity'!Z9 | BA9: ='2_MechAdd_LowSeverity'!AA9 | BB9: ='2_MechAdd_LowSeverity'!AB9 | BC9: ='2_MechAdd_LowSeverity'!AC9 | BD9: ='2_MechAdd_ModSeverity'!AA9 | BE9: ='2_MechAdd_ModSeverity'!AB9 | BF9: ='2_MechAdd_ModSeverity'!AC9 | BG9: ='2_MechAdd_HighSeverity'!AA9 | BH9: ='2_MechAdd_HighSeverity'!AB9 | BI9: ='2_MechAdd_HighSeverity'!AC9
A10: ='2_MechAdd_Script'!A10 | B10: ='2_MechAdd_LowSeverity'!F10 | C10: ='2_MechAdd_LowSeverity'!G10 | D10: ='2_MechAdd_LowSeverity'!H10 | E10: ='2_MechAdd_LowSeverity'!I10 | F10: ='2_MechAdd_ModSeverity'!G10 | G10: ='2_MechAdd_ModSeverity'!H10 | H10: ='2_MechAdd_ModSeverity'!I10 | I10: ='2_MechAdd_HighSeverity'!G10 | J10: ='2_MechAdd_HighSeverity'!H10 | K10: ='2_MechAdd_HighSeverity'!I10 | L10: ='2_MechAdd_LowSeverity'!J10 | M10: ='2_MechAdd_LowSeverity'!K10 | N10: ='2_MechAdd_LowSeverity'!L10 | O10: ='2_MechAdd_LowSeverity'!M10 | P10: ='2_MechAdd_ModSeverity'!K10 | Q10: ='2_MechAdd_ModSeverity'!L10 | R10: ='2_MechAdd_ModSeverity'!M10 | S10: ='2_MechAdd_HighSeverity'!K10 | T10: ='2_MechAdd_HighSeverity'!L10 | U10: ='2_MechAdd_HighSeverity'!M10 | V10: ='2_MechAdd_LowSeverity'!N10 | W10: ='2_MechAdd_LowSeverity'!O10 | X10: ='2_MechAdd_LowSeverity'!P10 | Y10: ='2_MechAdd_LowSeverity'!Q10 | Z10: ='2_MechAdd_ModSeverity'!O10 | AA10: ='2_MechAdd_ModSeverity'!P10 | AB10: ='2_MechAdd_ModSeverity'!Q10 | AC10: ='2_MechAdd_HighSeverity'!O10 | AD10: ='2_MechAdd_HighSeverity'!P10 | AE10: ='2_MechAdd_HighSeverity'!Q10 | AF10: ='2_MechAdd_LowSeverity'!R10 | AG10: ='2_MechAdd_LowSeverity'!S10 | AH10: ='2_MechAdd_LowSeverity'!T10 | AI10: ='2_MechAdd_LowSeverity'!U10 | AJ10: ='2_MechAdd_ModSeverity'!S10 | AK10: ='2_MechAdd_ModSeverity'!T10 | AL10: ='2_MechAdd_ModSeverity'!U10 | AM10: ='2_MechAdd_HighSeverity'!S10 | AN10: ='2_MechAdd_HighSeverity'!T10 | AO10: ='2_MechAdd_HighSeverity'!U10 | AP10: ='2_MechAdd_LowSeverity'!V10 | AQ10: ='2_MechAdd_LowSeverity'!W10 | AR10: ='2_MechAdd_LowSeverity'!X10 | AS10: ='2_MechAdd_LowSeverity'!Y10 | AT10: ='2_MechAdd_ModSeverity'!W10 | AU10: ='2_MechAdd_ModSeverity'!X10 | AV10: ='2_MechAdd_ModSeverity'!Y10 | AW10: ='2_MechAdd_HighSeverity'!W10 | AX10: ='2_MechAdd_HighSeverity'!X10 | AY10: ='2_MechAdd_HighSeverity'!Y10 | AZ10: ='2_MechAdd_LowSeverity'!Z10 | BA10: ='2_MechAdd_LowSeverity'!AA10 | BB10: ='2_MechAdd_LowSeverity'!AB10 | BC10: ='2_MechAdd_LowSeverity'!AC10 | BD10: ='2_MechAdd_ModSeverity'!AA10 | BE10: ='2_MechAdd_ModSeverity'!AB10 | BF10: ='2_MechAdd_ModSeverity'!AC10 | BG10: ='2_MechAdd_HighSeverity'!AA10 | BH10: ='2_MechAdd_HighSeverity'!AB10 | BI10: ='2_MechAdd_HighSeverity'!AC10
A11: ='2_MechAdd_Script'!A11 | B11: ='2_MechAdd_LowSeverity'!F11 | C11: ='2_MechAdd_LowSeverity'!G11 | D11: ='2_MechAdd_LowSeverity'!H11 | E11: ='2_MechAdd_LowSeverity'!I11 | F11: ='2_MechAdd_ModSeverity'!G11 | G11: ='2_MechAdd_ModSeverity'!H11 | H11: ='2_MechAdd_ModSeverity'!I11 | I11: ='2_MechAdd_HighSeverity'!G11 | J11: ='2_MechAdd_HighSeverity'!H11 | K11: ='2_MechAdd_HighSeverity'!I11 | L11: ='2_MechAdd_LowSeverity'!J11 | M11: ='2_MechAdd_LowSeverity'!K11 | N11: ='2_MechAdd_LowSeverity'!L11 | O11: ='2_MechAdd_LowSeverity'!M11 | P11: ='2_MechAdd_ModSeverity'!K11 | Q11: ='2_MechAdd_ModSeverity'!L11 | R11: ='2_MechAdd_ModSeverity'!M11 | S11: ='2_MechAdd_HighSeverity'!K11 | T11: ='2_MechAdd_HighSeverity'!L11 | U11: ='2_MechAdd_HighSeverity'!M11 | V11: ='2_MechAdd_LowSeverity'!N11 | W11: ='2_MechAdd_LowSeverity'!O11 | X11: ='2_MechAdd_LowSeverity'!P11 | Y11: ='2_MechAdd_LowSeverity'!Q11 | Z11: ='2_MechAdd_ModSeverity'!O11 | AA11: ='2_MechAdd_ModSeverity'!P11 | AB11: ='2_MechAdd_ModSeverity'!Q11 | AC11: ='2_MechAdd_HighSeverity'!O11 | AD11: ='2_MechAdd_HighSeverity'!P11 | AE11: ='2_MechAdd_HighSeverity'!Q11 | AF11: ='2_MechAdd_LowSeverity'!R11 | AG11: ='2_MechAdd_LowSeverity'!S11 | AH11: ='2_MechAdd_LowSeverity'!T11 | AI11: ='2_MechAdd_LowSeverity'!U11 | AJ11: ='2_MechAdd_ModSeverity'!S11 | AK11: ='2_MechAdd_ModSeverity'!T11 | AL11: ='2_MechAdd_ModSeverity'!U11 | AM11: ='2_MechAdd_HighSeverity'!S11 | AN11: ='2_MechAdd_HighSeverity'!T11 | AO11: ='2_MechAdd_HighSeverity'!U11 | AP11: ='2_MechAdd_LowSeverity'!V11 | AQ11: ='2_MechAdd_LowSeverity'!W11 | AR11: ='2_MechAdd_LowSeverity'!X11 | AS11: ='2_MechAdd_LowSeverity'!Y11 | AT11: ='2_MechAdd_ModSeverity'!W11 | AU11: ='2_MechAdd_ModSeverity'!X11 | AV11: ='2_MechAdd_ModSeverity'!Y11 | AW11: ='2_MechAdd_HighSeverity'!W11 | AX11: ='2_MechAdd_HighSeverity'!X11 | AY11: ='2_MechAdd_HighSeverity'!Y11 | AZ11: ='2_MechAdd_LowSeverity'!Z11 | BA11: ='2_MechAdd_LowSeverity'!AA11 | BB11: ='2_MechAdd_LowSeverity'!AB11 | BC11: ='2_MechAdd_LowSeverity'!AC11 | BD11: ='2_MechAdd_ModSeverity'!AA11 | BE11: ='2_MechAdd_ModSeverity'!AB11 | BF11: ='2_MechAdd_ModSeverity'!AC11 | BG11: ='2_MechAdd_HighSeverity'!AA11 | BH11: ='2_MechAdd_HighSeverity'!AB11 | BI11: ='2_MechAdd_HighSeverity'!AC11
A12: ='2_MechAdd_Script'!A12 | B12: ='2_MechAdd_LowSeverity'!F12 | C12: ='2_MechAdd_LowSeverity'!G12 | D12: ='2_MechAdd_LowSeverity'!H12 | E12: ='2_MechAdd_LowSeverity'!I12 | F12: ='2_MechAdd_ModSeverity'!G12 | G12: ='2_MechAdd_ModSeverity'!H12 | H12: ='2_MechAdd_ModSeverity'!I12 | I12: ='2_MechAdd_HighSeverity'!G12 | J12: ='2_MechAdd_HighSeverity'!H12 | K12: ='2_MechAdd_HighSeverity'!I12 | L12: ='2_MechAdd_LowSeverity'!J12 | M12: ='2_MechAdd_LowSeverity'!K12 | N12: ='2_MechAdd_LowSeverity'!L12 | O12: ='2_MechAdd_LowSeverity'!M12 | P12: ='2_MechAdd_ModSeverity'!K12 | Q12: ='2_MechAdd_ModSeverity'!L12 | R12: ='2_MechAdd_ModSeverity'!M12 | S12: ='2_MechAdd_HighSeverity'!K12 | T12: ='2_MechAdd_HighSeverity'!L12 | U12: ='2_MechAdd_HighSeverity'!M12 | V12: ='2_MechAdd_LowSeverity'!N12 | W12: ='2_MechAdd_LowSeverity'!O12 | X12: ='2_MechAdd_LowSeverity'!P12 | Y12: ='2_MechAdd_LowSeverity'!Q12 | Z12: ='2_MechAdd_ModSeverity'!O12 | AA12: ='2_MechAdd_ModSeverity'!P12 | AB12: ='2_MechAdd_ModSeverity'!Q12 | AC12: ='2_MechAdd_HighSeverity'!O12 | AD12: ='2_MechAdd_HighSeverity'!P12 | AE12: ='2_MechAdd_HighSeverity'!Q12 | AF12: ='2_MechAdd_LowSeverity'!R12 | AG12: ='2_MechAdd_LowSeverity'!S12 | AH12: ='2_MechAdd_LowSeverity'!T12 | AI12: ='2_MechAdd_LowSeverity'!U12 | AJ12: ='2_MechAdd_ModSeverity'!S12 | AK12: ='2_MechAdd_ModSeverity'!T12 | AL12: ='2_MechAdd_ModSeverity'!U12 | AM12: ='2_MechAdd_HighSeverity'!S12 | AN12: ='2_MechAdd_HighSeverity'!T12 | AO12: ='2_MechAdd_HighSeverity'!U12 | AP12: ='2_MechAdd_LowSeverity'!V12 | AQ12: ='2_MechAdd_LowSeverity'!W12 | AR12: ='2_MechAdd_LowSeverity'!X12 | AS12: ='2_MechAdd_LowSeverity'!Y12 | AT12: ='2_MechAdd_ModSeverity'!W12 | AU12: ='2_MechAdd_ModSeverity'!X12 | AV12: ='2_MechAdd_ModSeverity'!Y12 | AW12: ='2_MechAdd_HighSeverity'!W12 | AX12: ='2_MechAdd_HighSeverity'!X12 | AY12: ='2_MechAdd_HighSeverity'!Y12 | AZ12: ='2_MechAdd_LowSeverity'!Z12 | BA12: ='2_MechAdd_LowSeverity'!AA12 | BB12: ='2_MechAdd_LowSeverity'!AB12 | BC12: ='2_MechAdd_LowSeverity'!AC12 | BD12: ='2_MechAdd_ModSeverity'!AA12 | BE12: ='2_MechAdd_ModSeverity'!AB12 | BF12: ='2_MechAdd_ModSeverity'!AC12 | BG12: ='2_MechAdd_HighSeverity'!AA12 | BH12: ='2_MechAdd_HighSeverity'!AB12 | BI12: ='2_MechAdd_HighSeverity'!AC12
A13: ='2_MechAdd_Script'!A13 | B13: ='2_MechAdd_LowSeverity'!F13 | C13: ='2_MechAdd_LowSeverity'!G13 | D13: ='2_MechAdd_LowSeverity'!H13 | E13: ='2_MechAdd_LowSeverity'!I13 | F13: ='2_MechAdd_ModSeverity'!G13 | G13: ='2_MechAdd_ModSeverity'!H13 | H13: ='2_MechAdd_ModSeverity'!I13 | I13: ='2_MechAdd_HighSeverity'!G13 | J13: ='2_MechAdd_HighSeverity'!H13 | K13: ='2_MechAdd_HighSeverity'!I13 | L13: ='2_MechAdd_LowSeverity'!J13 | M13: ='2_MechAdd_LowSeverity'!K13 | N13: ='2_MechAdd_LowSeverity'!L13 | O13: ='2_MechAdd_LowSeverity'!M13 | P13: ='2_MechAdd_ModSeverity'!K13 | Q13: ='2_MechAdd_ModSeverity'!L13 | R13: ='2_MechAdd_ModSeverity'!M13 | S13: ='2_MechAdd_HighSeverity'!K13 | T13: ='2_MechAdd_HighSeverity'!L13 | U13: ='2_MechAdd_HighSeverity'!M13 | V13: ='2_MechAdd_LowSeverity'!N13 | W13: ='2_MechAdd_LowSeverity'!O13 | X13: ='2_MechAdd_LowSeverity'!P13 | Y13: ='2_MechAdd_LowSeverity'!Q13 | Z13: ='2_MechAdd_ModSeverity'!O13 | AA13: ='2_MechAdd_ModSeverity'!P13 | AB13: ='2_MechAdd_ModSeverity'!Q13 | AC13: ='2_MechAdd_HighSeverity'!O13 | AD13: ='2_MechAdd_HighSeverity'!P13 | AE13: ='2_MechAdd_HighSeverity'!Q13 | AF13: ='2_MechAdd_LowSeverity'!R13 | AG13: ='2_MechAdd_LowSeverity'!S13 | AH13: ='2_MechAdd_LowSeverity'!T13 | AI13: ='2_MechAdd_LowSeverity'!U13 | AJ13: ='2_MechAdd_ModSeverity'!S13 | AK13: ='2_MechAdd_ModSeverity'!T13 | AL13: ='2_MechAdd_ModSeverity'!U13 | AM13: ='2_MechAdd_HighSeverity'!S13 | AN13: ='2_MechAdd_HighSeverity'!T13 | AO13: ='2_MechAdd_HighSeverity'!U13 | AP13: ='2_MechAdd_LowSeverity'!V13 | AQ13: ='2_MechAdd_LowSeverity'!W13 | AR13: ='2_MechAdd_LowSeverity'!X13 | AS13: ='2_MechAdd_LowSeverity'!Y13 | AT13: ='2_MechAdd_ModSeverity'!W13 | AU13: ='2_MechAdd_ModSeverity'!X13 | AV13: ='2_MechAdd_ModSeverity'!Y13 | AW13: ='2_MechAdd_HighSeverity'!W13 | AX13: ='2_MechAdd_HighSeverity'!X13 | AY13: ='2_MechAdd_HighSeverity'!Y13 | AZ13: ='2_MechAdd_LowSeverity'!Z13 | BA13: ='2_MechAdd_LowSeverity'!AA13 | BB13: ='2_MechAdd_LowSeverity'!AB13 | BC13: ='2_MechAdd_LowSeverity'!AC13 | BD13: ='2_MechAdd_ModSeverity'!AA13 | BE13: ='2_MechAdd_ModSeverity'!AB13 | BF13: ='2_MechAdd_ModSeverity'!AC13 | BG13: ='2_MechAdd_HighSeverity'!AA13 | BH13: ='2_MechAdd_HighSeverity'!AB13 | BI13: ='2_MechAdd_HighSeverity'!AC13
... A93: ='2_MechAdd_Script'!A93 | B93: ='2_MechAdd_LowSeverity'!F93 | C93: ='2_MechAdd_LowSeverity'!G93 | D93: ='2_MechAdd_LowSeverity'!H93 | E93: ='2_MechAdd_LowSeverity'!I93 | F93: ='2_MechAdd_ModSeverity'!G93 | G93: ='2_MechAdd_ModSeverity'!H93 | H93: ='2_MechAdd_ModSeverity'!I93 | I93: ='2_MechAdd_HighSeverity'!G93 | J93: ='2_MechAdd_HighSeverity'!H93 | K93: ='2_MechAdd_HighSeverity'!I93 | L93: ='2_MechAdd_LowSeverity'!J93 | M93: ='2_MechAdd_LowSeverity'!K93 | N93: ='2_MechAdd_LowSeverity'!L93 | O93: ='2_MechAdd_LowSeverity'!M93 | P93: ='2_MechAdd_ModSeverity'!K93 | Q93: ='2_MechAdd_ModSeverity'!L93 | R93: ='2_MechAdd_ModSeverity'!M93 | S93: ='2_MechAdd_HighSeverity'!K93 | T93: ='2_MechAdd_HighSeverity'!L93 | U93: ='2_MechAdd_HighSeverity'!M93 | V93: ='2_MechAdd_LowSeverity'!N93 | W93: ='2_MechAdd_LowSeverity'!O93 | X93: ='2_MechAdd_LowSeverity'!P93 | Y93: ='2_MechAdd_LowSeverity'!Q93 | Z93: ='2_MechAdd_ModSeverity'!O93 | AA93: ='2_MechAdd_ModSeverity'!P93 | AB93: ='2_MechAdd_ModSeverity'!Q93 | AC93: ='2_MechAdd_HighSeverity'!O93 | AD93: ='2_MechAdd_HighSeverity'!P93 | AE93: ='2_MechAdd_HighSeverity'!Q93 | AF93: ='2_MechAdd_LowSeverity'!R93 | AG93: ='2_MechAdd_LowSeverity'!S93 | AH93: ='2_MechAdd_LowSeverity'!T93 | AI93: ='2_MechAdd_LowSeverity'!U93 | AJ93: ='2_MechAdd_ModSeverity'!S93 | AK93: ='2_MechAdd_ModSeverity'!T93 | AL93: ='2_MechAdd_ModSeverity'!U93 | AM93: ='2_MechAdd_HighSeverity'!S93 | AN93: ='2_MechAdd_HighSeverity'!T93 | AO93: ='2_MechAdd_HighSeverity'!U93 | AP93: ='2_MechAdd_LowSeverity'!V93 | AQ93: ='2_MechAdd_LowSeverity'!W93 | AR93: ='2_MechAdd_LowSeverity'!X93 | AS93: ='2_MechAdd_LowSeverity'!Y93 | AT93: ='2_MechAdd_ModSeverity'!W93 | AU93: ='2_MechAdd_ModSeverity'!X93 | AV93: ='2_MechAdd_ModSeverity'!Y93 | AW93: ='2_MechAdd_HighSeverity'!W93 | AX93: ='2_MechAdd_HighSeverity'!X93 | AY93: ='2_MechAdd_HighSeverity'!Y93 | AZ93: ='2_MechAdd_LowSeverity'!Z93 | BA93: ='2_MechAdd_LowSeverity'!AA93 | BB93: ='2_MechAdd_LowSeverity'!AB93 | BC93: ='2_MechAdd_LowSeverity'!AC93 | BD93: ='2_MechAdd_ModSeverity'!AA93 | BE93: ='2_MechAdd_ModSeverity'!AB93 | BF93: ='2_MechAdd_ModSeverity'!AC93 | BG93: ='2_MechAdd_HighSeverity'!AA93 | BH93: ='2_MechAdd_HighSeverity'!AB93 | BI93: ='2_MechAdd_HighSeverity'!AC93
